,Unnamed: 0,Entity Name,ID Number,NAICS,Inactive status,Address,type
0,0,1177 E 82 ST GROUP CORP,1761799,,Revoked Entity,"805 PINEWOOD DR SMITHFIELD, RI  02917  USA",Corp
1,1,141 Corp.,89282,722511.0,,"260 NEWPORT AVENUE EAST PROVIDENCE, RI  02916  USA",Corp
2,2,141 Westminster Corp.,151557,722513.0,,"383 SMITHFIELD AVENUE PAWTUCKET, RI  02860  USA",Corp
3,3,1537 Corp.,5981,722511.0,,"1537 NEWPORT AVENUE PAWTUCKET, RI  02861  USA",Corp
4,4,1759 Post Road Realty Corp.,34847,531120.0,,"359 BOYLSTON STREET BOSTON, MA  02116  USA",Corp
5,5,1783 Louisquisset Corp.,1779503,,,",",Corp
6,6,1836 REALTY CORP.,76285,447110.0,,"1850 WARWICK ACE WARWICK, RI  02889  USA",Corp
7,7,1850 REALTY CORP.,76283,531210.0,,"1850 WARWICK AVE WARWICK, RI  02889  USA",Corp
8,8,1889 Plainfield Pike Leasing Corp.,115782,531120.0,,"375 BROADWAY MENANDS, NY  12204  USA",Corp
9,9,1889 Plainfield Pike Realty Corp.,115783,531120.0,,"1889 PLAINFIELD ST JOHNSTON, RI  02919  USA",Corp
10,10,1999 Corp.,65408,531120.0,,"383 SMITHFIELD AVENUE PAWTUCKET, RI  02860  USA",Corp
11,11,1st Investors Servicing Corp,487970,561440.0,,"3065 AKERS MILL RD STE 700ATLANTA, GA  30339  US",Corp
12,12,201Island Corp,1731359,531120.0,,"201 ISLAND DRIVE MIDDLETOWN, RI  02842  USA",Corp
13,13,212 HEALTH AND PERFORMANCE CORP.,791798,713940.0,,"20 NEWMAN AVENUE SUITE 2002RUMFORD, RI  02916  USA",Corp
14,14,223 NEWPORT AVE. CORP.,75075,531120.0,,"22 HARDING STREET  APT 1 PAWTUCKET, RI  02861  USA",Corp
15,15,3 Phase Elevator Corp,1698885,561790.0,,"60 SHAWMUT ROAD, SUITE 1 CANTON, MA  02021  USA",Corp
16,16,33 Factory Street Development Corp.,1737982,531390.0,,"155 BROOKSIDE AVENUE WEST WARWICK, RI  02809  USA",Corp
17,17,383 Corp.,75278,531120.0,,"383 SMITHFIELD AVENUE PAWTUCKET, RI  02860  USA",Corp
18,18,38th Street Investment Corp.,1690061,531120.0,,"111 SOUTH ELGIN AVENUE TULSA, OK  74120  USA",Corp
19,19,393 REALTY CORP.,10227,531390.0,,"393 ARMISTICE BOULEVARD PAWTUCKET, RI  02861  USA",Corp
20,20,3E Corp I,789962,115210.0,,"227 WEST MAIN ROAD MIDDLETOWN, RI  02842  USA",Corp
21,21,47 WEST 14 ST. CORP.,88725,531390.0,,"375 THAMES STREET NEWPORT, RI  02840  USA",Corp
22,22,5 STAR MASONRY & ROOFING CORP,1761540,,Revoked Entity,",",Corp
23,23,5500 Liquidation Corp.,906409,532299.0,Revoked Entity,"8160 SENTINAE CHASE DR ROSWELL, GA  30076  USA",Corp
24,24,5702 Post Road Corp,1670100,722511.0,,"5702 POST ROAD EAST GREENWICH, RI  02818  USA",Corp
25,25,"64 Mill Commons, Corp.",1752136,,Revoked Entity,",",Corp
26,26,73 Washington Corp.,163473,722513.0,,"383 SMITHFIELD AVENUE PAWTUCKET, RI  02860  USA",Corp
27,27,78 Dorrance Corp.,151555,722513.0,,"383 SMITHFIELD AVENUE PAWTUCKET, RI  02860  USA",Corp
28,28,9 Ridge Holding Corp.,1271,551112.0,,"455 WAYLAND AVENUE PROVIDENCE, RI  02906  USA",Corp
29,29,911 Porsche Corp.,87492,531390.0,,"101 PLAIN STREET, 1ST FLOOR, SUITE 100 PROVIDENCE, RI  02903  USA",Corp
30,30,"9amHealth Medical Group, P.A., Corp.",1765705,621112.0,,"914 N COAST HWY 101 SUITE BENCINITAS, CA  92024  USA",Corp
31,31,A & B Cooling & Heating Corp.,522037,238220.0,,"660 NUTMEG ROAD NORTH SOUTH WINDSOR, CT  06074  USA",Corp
32,32,A & J Landscaping Construction Corp,1688187,236118.0,,"45 BENEFIT STREET PAWTUCKET, RI  02861  USA",Corp
33,33,A & N FOOD CORP.,1767573,,,",",Corp
34,34,A & R Marine Corp.,830351,999999.0,,"855 NARRAGANSETT AVE. PRUDENCE ISLAND, RI  02872  USA",Corp
35,35,A - FAST TAX SERVICE CORP.,118376,524210.0,,"442 DEXTER ST CENTRAL FALLS, RI  02863-2619  USA",Corp
36,36,A FAST TAX  & INSURANCE SERVICE CORP.,118376,524210.0,,"442 DEXTER ST CENTRAL FALLS, RI  02863-2619  USA",Corp
37,37,A&G SUBS CORP.,1723685,722513.0,,"40 SOCKANOSSET CROSSROADS CRANSTON, RI  02920  USA",Corp
38,38,"A+ Insurance, Corp",95225,524210.0,,"1237 ELMWOOD AVE PROVIDENCE, RI  02907  USA",Corp
39,39,A-FAST TAX & INSURANCE SERVICE CORP,118376,524210.0,,"442 DEXTER ST CENTRAL FALLS, RI  02863-2619  USA",Corp
40,40,A-FAST TAX SERVICE CORP.,118376,524210.0,,"442 DEXTER ST CENTRAL FALLS, RI  02863-2619  USA",Corp
41,41,A. DAL. & Sons Construction Corp.,1763258,236118.0,,"184 PILGRIM AVENUE COVENTRY, RI  02816  USA",Corp
42,42,A. I. REALTY CORP.,35416,531390.0,,"5 ENERGY WAY WEST WARWICK, RI  02893  USA",Corp
43,43,A.D.V. Electrical Corp.,90193,238210.0,,"33 APPIAN WAY SMITHFIELD, RI  02917  USA",Corp
44,44,A.M.S. Development Corp.,90981,236115.0,,"118 JANE STREET NORTH PROVIDENCE, RI  02904  USA",Corp
45,45,AAA AUTOMOTIVE SERVICE CORP,1685268,484121.0,Revoked Entity,"55 WESTFIELD DRIVE EAST GREENWICH, RI  02818  USA",Corp
46,46,Aalberts Surface Treatment Corp,557420,332810.0,,"222 GOLDSTEIN DRIVE WOONSOCKET, RI  02895  USA",Corp
47,47,ABANCO Management Corp.,241,811490.0,,"15 INDIAN AVENUE MIDDLETOWN, RI  02842  USA",Corp
48,48,ABC Building Corp,1683530,238990.0,,"499 EAST MAIN RD. MIDDLETOWN, RI  02842  USA",Corp
49,49,ABH Development Corp.,1767754,,,",",Corp
50,50,Abilis Solutions Corp.,293567,541519.0,,"22 MONUMENT SQUARE SUITE 202PORTLAND, ME  04101  USA",Corp
51,51,Abins Realty Corp.,68312,561110.0,,"1210 PONTIAC AVENUE 3RD FLOORCRANSTON, RI  02920  USA",Corp
52,52,ABKC Holdings Corp.,682435,238220.0,,"302 WICKENDEN STREET PROVIDENCE, RI  02903  USA",Corp
53,53,Absolute Value Management Corp,1700208,531320.0,,"1 LINCOLN STREET SUITE 2900BOSTON, MA  02111  USA",Corp
54,54,Academy Food Corp.,1730918,445210.0,,"221 ACADEMY AVENUE PROVIDENCE, RI  02908  USA",Corp
55,55,Academy Liquor Corp.,1730909,445310.0,,"219 ACADEMY AVENUE PROVIDENCE, RI  02908  USA",Corp
56,56,ACE ENDICO CORP.,883001,424490.0,Revoked Entity,"80 INTERNATIONAL BLVD BREWSTER, NY  10509  US",Corp
57,57,ACI Worldwide Corp.,567302,511210.0,,"6060 COVENTRY DRIVE ELKHORN, NE  68022  USA",Corp
58,58,Acqua Road Corp.,1772649,,,"10 DORRANCE STREET, SUITE 700 PROVIDENCE, RI  02903  USA",Corp
59,59,Acquaviva Corp,1775633,,,"4800 N FEDERAL HIGHWAY BUILDING E, STE 200BOCA RATON, FL  33431  USA",Corp
60,60,"ACR Construction & Management, Corp.",506278,236118.0,,"2170 MINERAL SPRING AVE JOHNSTON, RI  02919  USA",Corp
61,61,ACT Education Corp.,1773989,,,"11150 SANTA MONICA BOULEVARD SUITE 400LOS ANGELES, CA  90025  USA",Corp
62,62,ADAMSON INDUSTRIES CORP.,516372,4445.0,,"45 RESEARCH DRIVE HAVERHILL, MA  01832  USA",Corp
63,63,ADB Corp Inc,1685835,531390.0,,"88 SHORE RD PASCOAG, RI  02859  US",Corp
64,64,Admiral Fire Corp.,923522,541690.0,,"59 BLACKSTONE AVENUE PAWTUCKET, RI  02860  USA",Corp
65,65,ADMIRAL SMOKE SHOP CORP,1767988,,,",",Corp
66,66,ADP Credit Corp.,45546,518210.0,,"ONE ADP BLVD. MS 433ROSELAND, NJ  07068  USA",Corp
67,67,Advance Electrical Corp.,90193,238210.0,,"33 APPIAN WAY SMITHFIELD, RI  02917  USA",Corp
68,68,ADVANCED FRESH CONCEPTS FRANCHISE CORP.,131487,722310.0,,"19700 MARINER AVENUE TORRANCE, CA  90503  USA",Corp
69,69,ADVANCED MORTGAGE CORP.,120298,522310.0,,"2220 PLAINFIELD PIKE SUITE 213CRANSTON, RI  02921  USA",Corp
70,70,Advanced Technology Innovation Corp,1780406,,,"15 KENNETH A MINER DRIVE WRENTHAM, MA  02093-0000  USA",Corp
71,71,AEI Corp.,443186,561990.0,,"339 MARKET STREET SUITE 3WARREN, RI  02885  USA",Corp
72,72,AESOP LEASING CORP.,88176,532112.0,,"48 WALL STREET NEW YORK, NY  10005  USA",Corp
73,73,Aetna Corp.,45508,238210.0,,"175 BROOKLINE STREET CAMBRIDGE, MA  02139  USA",Corp
74,74,Aetna Lighting Service Corp.,45508,238210.0,,"175 BROOKLINE STREET CAMBRIDGE, MA  02139  USA",Corp
75,75,Aetna Lighting Service Corp.,45508,238210.0,,"175 BROOKLINE STREET CAMBRIDGE, MA  02139  USA",Corp
76,76,AFFORDABLE RENTAL SERVICE CORP.,61591,811121.0,,"96 EVERGREEN AVENUE WARWICK, RI  02888  USA",Corp
77,77,Agfa Offset US Corp.,1761425,323120.0,,"580 GOTHAM PARKWAY CARLSTADT, NJ  07072-2405  USA",Corp
78,78,Agfa US Corp.,1682453,423990.0,,"580 GOTHAM PARKWAY CARLSTADT, NJ  07072  USA",Corp
79,79,AGIS Network Insurance Services Corp.,1751437,524210.0,,"300 NORTH BEACH STREET DAYTONA BEACH, FL  32114  USA",Corp
80,80,AGZ BUILDING SOLUTIONS CORP,1762367,,Revoked Entity,"22 WISCONSIN AVE APT 1SOMERVILLE, MA  02145  US",Corp
81,81,AHH Corp.,157003,531120.0,,"50 WASHINGTON SQUARE NEWPORT, RI  02840  USA",Corp
82,82,AIC Acquisition Corp.,114469,238310.0,,"116 DANIELSON PIKE NORTH SCITUATE, RI  02857  USA",Corp
83,83,Aimbridge Employee Service Corp.,487606,721110.0,,"5301 HEADQUARTERS DRIVE PLANO, TX  75024  USA",Corp
84,84,AIRPORT ORAL SURGERY CORP,1782121,,,"230 AIRPORT ROAD WARWICK, RI  02880  USA",Corp
85,85,Airport oral Surgery corp.,1782121,,,"230 AIRPORT ROAD WARWICK, RI  02880  USA",Corp
86,86,AJAX SERVICE CORP.,558,811121.0,,"165 FRENCHTOWN ROAD NORTH KINGSTOWN, RI  02852  USA",Corp
87,87,AKID ENTERPRISES CORP,304843,445120.0,,"1815 BROAD STREET CRANSTON, RI  02905  USA",Corp
88,88,AL TAYIBAT CORP,1750123,445291.0,,"22 LAKE STREET APT 3 PAWTUCKET, RI  02860  USA",Corp
89,89,"ALBERTO K, CORP.",129830,722511.0,,"230 ATWELL AVENUE PROVIDENCE, RI  02903  USA",Corp
90,90,ALCAN JEWELRY SUPPLY CORP.,41942,423400.0,,"282 ADELAIDE AVENUE PROVIDENCE, RI  02907  USA",Corp
91,91,ALEX CORP,1718605,445110.0,,"135 CAMDEN AVENUE PROVIDENCE, RI  02908  USA",Corp
92,92,ALFA INTERNATIONAL CORP.,99804,325520.0,,"32 MECHANIC AVE. UNIT 99WOONSOCKET, RI  02895  USA",Corp
93,93,Alfred Development Corp.,100751,812990.0,,"314 COUNTY ROAD BARRINGTON, RI  02806  USA",Corp
94,94,ALFRED E. GUTMAN CORP.,69056,213112.0,,"15 UPTON AVENUE PROVIDENCE, RI  02906  USA",Corp
95,95,ALGAR CONSTRUCTION CORP,1769757,,,"40 MEADOWBROOK RD BROCKTON, MA  02301  USA",Corp
96,96,ALL POINTS CAPITAL CORP.,546599,522220.0,,"275 BROADHOLLOW ROAD MELVILLE, NY  11747  USA",Corp
97,97,Alliance Marketing Corp,1757014,524210.0,,"820 NE 5TH TERRACE FORT LAUDERDALE, FL  33304  USA",Corp
98,98,"Allied International Credit Corp., (US)",113902,561440.0,,"4410 E. CLAIBORNE SQ STE 235 HAMPTON, VA  23666  USA",Corp
99,99,ALLTOWN REAL ESTATE CORP.,571487,531210.0,,"182 AUSTIN AVENUE CHEPACHET, RI  02814  USA",Corp
100,0,"#1 A Lifesafer of Connecticut, Inc.",1696656,541990.0,,"3630 PARK 42 DRIVE SUITE 140CCINCINNATI, OH  45241  USA",INC
101,1,"$75.00 Backflow Testing Service, Inc.",507038,238990.0,,"1793 SMITH ST. NORTH PROVIDENCE, RI  02911  USA",INC
102,2,"1 $ Wiser Consumer Education, Inc.",1707990,541990.0,,"1400 PRESTON ROAD SUITE 499PLANO, TX  75093  USA",INC
103,3,"1-2-3 Financial Services, Inc.",110071,541211.0,,"470 EAST GREENWICH AVENUE WEST WARWICK, RI  02893  USA",INC
104,4,1-2-3 Green Inc.,1775792,,,",",INC
105,5,"1-800 Busy Dog Basement Technologies, Inc.",795274,238390.0,,"3 EDGEWATER DRIVE, SUITE 202 NORWOOD, MA  02062  USA",INC
106,6,"1-800-HOMEWATCH, INC.",1658869,561621.0,,"28 VERSAILLES STREET CRANSTON, RI  02920  USA",INC
107,7,1-Pro Americas Inc.,1700306,334310.0,,"8550 FALLBROOK DRIVE, SUITE 200 HOUSTON, TX  77064  USA",INC
108,8,"1-UP Productions, Inc.",153452,512240.0,,"190 CHACE AVE PROVIDENCE, RI  02906-2937  USA",INC
109,9,"10% Happier, Inc.",1727034,511210.0,,"40 WATER STREET BOSTON, MA  02109  USA",INC
110,10,1000822913 US Inc.,1775225,,,"290 KING STREET EAST KITCHENER, ONTARIO, FJ  N2G 2L3  CAN",INC
111,11,"1001 Troubles Tattoo, Inc.",1750100,812199.0,,"464 MAIN ST WARREN, RI  02885  US",INC
112,12,1001 UNITED INC. CREATIVE PERFORMANCE ARTS CENTER,1762153,,Revoked Entity,",",INC
113,13,"101 BAR & GRILL, INC.",508240,722511.0,,"1478 ATWOOD AVENUE JOHNSTON, RI  02919  USA",INC
114,14,"101 OCEAN ROAD CONDOMINIUM ASSOCIATION, INC.",52396,813990.0,,"181 KNIGHT STREET WARWICK, RI  02886  USA",INC
115,15,1010 Ventures Inc.,1724858,812112.0,,"297 THAYER STREET PROVIDENCE, RI  02906  US",INC
116,16,"1013 OUTSOURCING SOLUTIONS, INC.",124543,524210.0,,"202 MOHAWK TRAIL CRANSTON, RI  02921  USA",INC
117,17,"1031 EXCHANGE SERVICES, INC.",92929,531390.0,,"170 MOUNTAIN VIEW ROAD, ALEXANDRIA, NH 03222 ALEXANDRIA, NH  03222  USA",INC
118,18,"105 Strowger, Inc.",1659127,531120.0,,"375 COMMERCE PARK ROAD NORTH KINGSTOWN, RI  02852  USA",INC
119,19,"108 House, Inc.",20090,531120.0,,"P.O. BOX 552 NARRAGANSETT, RI  02882  USA",INC
120,20,"111 Chapin Avenue, Inc.",111185,531390.0,,"111 CHAPIN AVENUE WARWICK, RI  02889  USA",INC
121,21,111616 Opco (Delaware) Inc.,816509,423410.0,,"336 INITIATIVE DR ROCHESTER, NY  14624  USA",INC
122,22,"117 Builders, Inc.",916162,531110.0,,"5 MINNESOTA AVENUE, UNIT 6 WARWICK, RI  02888  USA",INC
123,23,"1178-1194 Pontiac Avenue, Inc.",101856,531390.0,,"858 WASHINGTON STREET, #309 C/O GJS MANAGEMENTDEDHAM, MA  02026  USA",INC
124,24,"119 Benefit Street Condominium Association, Inc.",509664,813990.0,,"222 BROADWAY PROVIDENCE, RI  02903  USA",INC
125,25,"11th Hour Racing, Inc.",932619,711219.0,,"50 MAIN STREET 2ND FLOOR NANTUCKET, MA  02544  USA",INC
126,26,"12 Metre Yacht Club, Inc.",838738,813990.0,,"130 BELLEVUE AVE NEWPORT, RI  02840  USA",INC
127,27,"12 Metre Yacht Club, Newport Station, Inc.",838738,813990.0,,"130 BELLEVUE AVE NEWPORT, RI  02840  USA",INC
128,28,"120 Water Audit, Inc.",1766441,561210.0,,"250 S ELM STREET ZIONSVILLE, IN  46077  USA",INC
129,29,"120 WATER, INC.",1771382,,,"250 S ELM STREET ZIONSVILLE, IN  46077  USA",INC
130,30,123 IT Inc,1720965,541513.0,,"150 ANGELL AVENUE CRANSTON, RI  02920  US",INC
131,31,"1243 Realty Associates, Inc.",68653,531120.0,,"1243 POST ROAD WARWICK, RI  02888  USA",INC
132,32,"124B Realty, Inc.",128532,531110.0,,"300 FRONT STREET LINCOLN, RI  02865  USA",INC
133,33,"130 Thames Street, Inc.",74775,531120.0,,"400 BALD HILL ROAD WARWICK, RI  02886  USA",INC
134,34,"1300 Highland Owners Association, Inc.",139767,813910.0,,"20 NEWMAN AVENUE SUITE 1005RUMFORD, RI  02916  USA",INC
135,35,"1345 Royal Fuel, Inc",792937,447100.0,,"1345 WAMPANOAG TRAIL EAST PROVIDENCE, RI  02915  USA",INC
136,36,"138 Main Street, Inc",538971,531110.0,,"84 OAK STREET WESTERLY, RI  02891  USA",INC
137,37,"1398, Inc.",136656,811198.0,,"3 MT. HYGEIA ROAD FOSTER, RI  02825  USA",INC
138,38,13th World INC.,1716313,711310.0,,"608 MENDON ROAD NORTH SMITHFIELD, RI  02896  USA",INC
139,39,"1414 ASSOCIATES, INC.",7296,531390.0,,"1414 ATWOOD AVENUE JOHNSTON, RI  02919  USA",INC
140,40,"146 COFFEE, INC.",1703346,722513.0,,"1319 EDDIE DOWLING HIGHWAY LINCOLN, RI  02865  USA",INC
141,41,"1543 Narragansett Boulevard Condominium Association, Inc.",871849,813910.0,,"1543 NARRAGANSETT BLVD CRANSTON, RI  02905  USA",INC
142,42,"16 Coddington Wharf Condominium Association, Inc.",1700581,813990.0,,"16 CODDINGTON WHARF UNIT 1 NEWPORT, RI  02840  USA",INC
143,43,"1661 Wealth Management, Inc.",1735600,523940.0,,"650 MAIN STREET EAST GREENWICH, RI  02818  USA",INC
144,44,1688 insurance inc,1752254,,Revoked Entity,"C/O JAMES TSANG 10 HUMMINGBIRD LANECRANSTON, RI  02921  USA",INC
145,45,1693 LONSDALE INC,1736062,722511.0,Revoked Entity,"29 FAIR OAKS DR LINCOLN, RI  02865  USA",INC
146,46,"171 Atwells, Inc.",44876,722511.0,,"171 ATWELLS AVE PROVIDENCE, RI  02903  USA",INC
147,47,"1717 Brokerage Services, Inc.",76241,524210.0,,"ONE NATIONWIDE PLAZA COLUMBUS, OH  43215  USA",INC
148,48,"1776 LIQUORS OF BARRINGTON, INC.",10326,445310.0,,"145 MAIN STREET WARREN, RI  02885  USA",INC
149,49,"178 ATWELLS AVENUE ENTERPRISES, INC.",1661594,722513.0,,"178 ATWELLS AVENUE PROVIDENCE, RI  02909  USA",INC
150,50,"1841 Associates, Inc.",109616,531110.0,,"1845 SMITH STREET NORTH PROVIDENCE, RI  02911  USA",INC
151,51,"1851 Securities, Inc.",541210,524210.0,,"ONE AMERICAN ROW HARTFORD, CT  06103  USA",INC
152,52,"188 Benefit Street Condominium Association, Inc.",153751,813990.0,,"188 BENEFIT STREET PROVIDENCE, RI  02903  USA",INC
153,53,18W Holdings Inc.,1701047,561422.0,,"199 POMEROY ROAD PARSIPPANY, NJ  07054  USA",INC
154,54,"19-23 Angell Street Condominium Association, Inc.",115049,813990.0,,"222 BROADWAY PROVIDENCE, RI  02903  USA",INC
155,55,"1900 Raining Fish, Inc.",1336483,722410.0,,"93 MANTON AVENUE PROVIDENCE, RI  02905  USA",INC
156,56,"1E, Inc.",1724969,541519.0,,"244 MADISON AVE. #1052,NEW YORK, NY  10116  USA",INC
157,57,1st Choice Fuel Inc,1692071,454310.0,,"3 PLEASURE DRIVE CRANSTON, RI  02921  USA",INC
158,58,"1ST CHOICE HOME IMPROVEMENTS, INC.",132035,238990.0,,"39 SHARPE STREET WEST GREENWICH, RI  02817  USA",INC
159,59,1ST CHOICE PEST CONTROL INC.,1750214,561710.0,,"20 COIT AVENUE WEST WARWICK, RI  02893  USA",INC
160,60,1ST CHOICE RENTALS INC.,122931,442299.0,,"1 CLINTON STREET WOONSOCKET, RI  02895  USA",INC
161,61,"1st Class Service, Inc",1698953,238320.0,,"36 SHAMROCK DR WARWICK, RI  02886  USA",INC
162,62,"1st Freeman Realty, Inc",1705602,531190.0,,"200 METRO CENTER BLVD SUITE 7WARWICK, RI  02886  USA",INC
163,63,"1st Liberty, a Division of Sun West Mortgage Company, Inc.",160614,522292.0,,"18303 GRIDLEY RD. CERRITOS, CA  90703  USA",INC
164,64,"1ST SOS STAFFING, INC",1774057,,,"915 MIDDLE RIVER DRIVE SUITE 307FORT LAUDERDALE, FL  33304  USA",INC
165,65,1st STOP AUTOMOTIVE INC,77064,811111.0,,"624 YORK AVENUE PAWTUCKET, RI  02861  USA",INC
166,66,"2 Brothers Family Pizza, Inc.",1686169,722511.0,,"1385 MINERAL SPRING AVENUE NORTH PROVIDENCE, RI  02904  USA",INC
167,67,"2 Guy's Removal and More, Inc.",1703719,812990.0,,"32 WALTER CAREY RD SMITHFIELD, RI  02917  USA",INC
168,68,2 Mikes INC,1713086,445299.0,,"28 CONGRESS STREET WARWICK, RI  02889  USA",INC
169,69,"2 T Technology, Inc.",714720,621340.0,,"626 PARK AVENUE CRANSTON, RI  02920  USA",INC
170,70,"2 to 1: The Coalition to Preserve Choice, Inc.",56786,813319.0,,"288 SPENCER AVENUE WARWICK, RI  02818  USA",INC
171,71,"20 Starr Street Realty, Inc.",72789,531390.0,,"20 STARR STREET JOHNSTON, RI  02919  USA",INC
172,72,"20/20 Vision Care, Inc.",34429,621320.0,,"375  METACOM AVENUE BRISTOL, RI  02809  USA",INC
173,73,"201 THURBERS, INC.",275394,624229.0,,"439 PINE STREET PROVIDENCE, RI  02907  USA",INC
174,74,"20230930-DK-Butterfly-1, inc.",120464,442299.0,Revoked Entity,"650 LIBERT AVE UNION, NJ  07083  USA",INC
175,75,"219 Main Street, Inc.",911591,722511.0,,"39 NOOSENECK HILL ROAD WEST GREENWICH, RI  02817  USA",INC
176,76,"22 Washington Square, Inc.",1692402,722511.0,,"300 METRO CENTER BLVD S 100WARWICK, RI  02886  USA",INC
177,77,"225 Storage, Inc.",1702580,531130.0,,"339 QUAKER LANE WEST WARWICK, RI  02893  USA",INC
178,78,"226 South Main Street Title Holding Company, Inc.",74740,531120.0,,"410 SOUTH MAIN STREET PROVIDENCE, RI  02903  USA",INC
179,79,"22nd Century Technologies, Inc.",295005,541511.0,,"8251 GREENSBORO DRIVE SUITE 900MCLEAN, VA  22102  US",INC
180,80,2377 Pawtucket Avenue Associates Inc.,247821,531110.0,,"2377 PAWTUCKET AVENUE EAST PROVIDENCE, RI  02914  USA",INC
181,81,"23AV, Inc.",1733831,541512.0,,"532 KINSLEY AVENUE, #111 PROVIDENCE, RI  02909  USA",INC
182,82,"2417 East Main Road, Inc.",488417,562991.0,,"436 FISH ROAD TIVERTON, RI  02878  USA",INC
183,83,2428392 Inc.,1704846,453998.0,,"38 CORPORATE CIRCLE ALBANY, NY  12203  USA",INC
184,84,"24M Technologies, Inc.",1757570,335911.0,,"130 BROOKLINE ST STE 200CAMBRIDGE, MA  02139-4505  USA",INC
185,85,250 COWESETT AVE INC,1673869,722513.0,,"250 COWESETT AVENUE, SUITE 6 WEST WARWICK, RI  02893  USA",INC
186,86,26 North Yacht Sales Inc.,1737250,441222.0,,"2525 MARINA BAY DRIVE WEST FORT LAUDERDALE, FL  33312  USA",INC
187,87,"2600HZ, Inc.",1683355,517919.0,,"2831 ST. ROSE PARKWAY, SUITE 200HENDERSON, NV  89052  USA",INC
188,88,28 MARAVILLAS INC,1774786,,,",",INC
189,89,"29 Bellevue Avenue Foundation, Inc.",1689089,712120.0,,"29 BELLEVUE AVE NEWPORT, RI  02840-3207  USA",INC
190,90,"29-31 Laura Street Homeowners Association, Inc.",151903,531110.0,,"P.O. BOX 9298 PROVIDENCE, RI  02940  USA",INC
191,91,2G Energy Inc.,1775299,,,"205 COMMERICAL DRIVE ST. AUGUSTINE, FL  32092  USA",INC
192,92,"2nd Act Org, Inc.",1728898,711410.0,,"PO BOX 51352 BOSTON, MA  02205  USA",INC
193,93,"2seventy bio, Inc.",1729697,541714.0,,"60 BINNEY STREET CAMBRIDGE, MA  02142  USA",INC
194,94,"3 - D Welding, Inc.",518790,236160.0,,"5 HOWARD IRELAND DR ATTLEBORO, MA  02703  USA",INC
195,95,3 Gents Transportation Inc,1781951,,,",",INC
196,96,"3 Little Chicks, Inc.",1672604,722511.0,,"6 EVANS STREET CUMBERLAND, RI  02864  USA",INC
197,97,"3 ON 3 DONUTS, INC.",87183,722513.0,,"49 NOOSENECK HILL ROAD WEST GREENWICH, RI  02817  USA",INC
198,98,3 Star Inc,1720224,445131.0,,"614 CENTRAL AVE PAWTUCKET, RI  02861  USA",INC
199,99,"30 Gould Street, Inc.",1758203,999999.0,,"3 SULLIVAN STREET WOBURN, MA  01901  USA",INC
200,0,"&Partners, LLC",1774711,,,"40 BURTON HILLS BOULEVARD SUITE 350NASHVILLE, TN  37215  USA",LLC
201,1,(OEX)2 llc,1731855,541618.0,,"984 BULLOCKS POINT AVENUE RIVERSIDE, RI  02915  USA",LLC
202,2,"@ The Deck, LLC",486795,722410.0,,"39 AGAR STREET YONKERS, NY  10701  USA",LLC
203,3,"0 Barneyville, LLC",1772483,,,"6 BARNEYVILLE ROAD BARRINGTON, RI  02806  USA",LLC
204,4,"0 Delray II, LLC",1713500,524210.0,,"707 POINT JUDITH RD UNIT 1NARRAGANSETT, RI  02882  USA",LLC
205,5,"0 DELRAY, LLC",1675818,531110.0,,"20 CEDAR ISLAND ROAD NARRAGANSETT, RI  02882  USA",LLC
206,6,"0 Middle Road, LLC",1767070,,,"540 DOUGLAS PIKE SMITHFIELD, RI  02917  USA",LLC
207,7,"0 Reservoir Realty, LLC",1730516,236115.0,,"2000 CHAPEL VIEW BLVD. SUITE 500CRANSTON, RI  02920  US",LLC
208,8,0 Stafford Road LLC,1712603,531190.0,,"117 METRO CENTER BLVD. SUITE 2001WARWICK, RI  02886  USA",LLC
209,9,02809 MEDIA LLC,529661,541613.0,,"26096 NORMAN DR ENGLEWOOD, FL  34223  USA",LLC
210,10,"02882 VENTURES, LLC",753527,453910.0,,"1000 BALD HILL ROAD WARWICK, RI  02886  USA",LLC
211,11,02907 LLC,1731809,531390.0,,"3240 EVENING BREEZE LOOP WESLEY CHAPEL, FL  33544  USA",LLC
212,12,02908 Holdco LLC,1702834,531110.0,,"168 EATON STREET PROVIDENCE, RI  02908  USA",LLC
213,13,0302 LLC,1066917,236220.0,,"12 WOODLAND TERRACE PROVIDENCE, RI  02906  USA",LLC
214,14,"0302, LLC",1066917,236220.0,,"12 WOODLAND TERRACE PROVIDENCE, RI  02906  USA",LLC
215,15,"043 Properties, LLC",1721623,531390.0,,"104 NAPLES AVE PROVIDENCE, RI  02908  USA",LLC
216,16,"0825, LLC",1773066,,,"754 BRANCH AVENUE #2PROVIDENCE, RI  02904  USA",LLC
217,17,"1 3rd Street, LLC",1765085,531110.0,,"16 FOREST RD WESTWOOD, MA  02090  USA",LLC
218,18,"1 800 WATER DAMAGE NORTH AMERICA, LLC",1668023,561720.0,,"185 OAKLAND AVE., STE. 150 BIRMINGHAM, MI  48009  USA",LLC
219,19,1 ANNE DRIVE LLC,139434,531190.0,,"3 ANNE DRIVE LINCOLN, RI  02865  USA",LLC
220,20,1 AUTO LOGISTICS LLC,1735868,,Revoked Entity,"330 PROSPECT STREET PAWTUCKET, RI  02860  USA",LLC
221,21,1 Brookfield Court LLC,1765812,531390.0,,"1 BROOKFIELD COURT EAST GREENWICH, RI  02818  USA",LLC
222,22,"1 Charles, LLC",1738976,531110.0,,"31 ABBOTT RUN VALLEY ROAD CUMBERLAND, RI  02864  USA",LLC
223,23,"1 CityCentre, LLC",1677146,531120.0,,"250B CENTERVILLE ROAD WARWICK, RI  02886  USA",LLC
224,24,1 County LLC,1723172,531390.0,Revoked Entity,"225 DYER STREET 2ND FLOORPROVIDENCE, RI  02903  USA",LLC
225,25,"1 County Road, LLC",1735162,531120.0,,"101 FEDERAL STREET SUITE 1900BOSTON, MA  02110  USA",LLC
226,26,1 DAWN HILL PROPERTY LLC,1714587,531390.0,,"1135 EAST VETERANS HIGHWAY BUILDING 3 SUITE 1JACKSON, NJ  08527  US",LLC
227,27,1 Dexter East Providence Solar LLC,1727445,221114.0,,"33 UNION AVENUE C/O GRIDWEALTHSUDBURY, MA  01776  USA",LLC
228,28,1 Falco Street LLC,1761314,531120.0,,"32 FOSTER CENTER ROAD FOSTER, RI  02825  USA",LLC
229,29,"1 Glasgow St, LLC",1762977,531110.0,,"6 LIBERTY SQUARE PMB 349BOSTON, MA  02109  USA",LLC
230,30,"1 Harold Street, LLC",1722476,531120.0,,"1 HAROLD STREET PROVIDENCE, RI  02903  USA",LLC
231,31,"1 JONATHAN ISLAND ASSOCIATES, LLC",1764900,,Revoked Entity,"1 JONATHAN ISLAND NARRAGANSETT, RI  02882  USA",LLC
232,32,1 Lee's Wharf LLC,1715392,531390.0,,"24 LEES WHARF NEWPORT, RI  02840  USA",LLC
233,33,"1 Main Street, LLC",1731161,531390.0,,"333 MAIN STREET SUITE 2EAST GREENWICH, RI  02818  USA",LLC
234,34,1 Newbury LLC,1715449,531111.0,,"21 NO BOTTOM RIDGE WESTERLY, RI  02891  USA",LLC
235,35,1 Noyes Avenue East Providence RI Solar LLC,1780039,,,"33 UNION AVENUE SUDBURY, MA  01776  USA",LLC
236,36,"1 Realty Way, LLC",1773189,,,"58 AMARAL STREET RIVERSIDE, RI  02915  USA",LLC
237,37,"1 Redfern St, LLC",1670389,531110.0,,"142 CANONCHET AVE WARWICK, RI  02888  USA",LLC
238,38,1 S Main St Coventry LLC,1746454,531110.0,,"1921 MIDDLE ROAD EAST GREENWICH, RI  02818  USA",LLC
239,39,"1 Sanford Street, LLC",669583,531110.0,,"P.O. BOX 169 HINGHAM, MA  02043  USA",LLC
240,40,1 SHANNON COURT LLC,749651,531120.0,,"875 HOPE STREET BRISTOL, RI  02809  USA",LLC
241,41,1 SOUTH MAIN COVENTRY RI SOLAR LLC,1760547,221114.0,,"C/O GRIDWEALTH 33 UNION AVENUESUDBURY, MA  01776  USA",LLC
242,42,1 STOP TURNOVER SPECIALIST LLC.,1739818,561790.0,,"170 BABCOCK ST PROVIDENCE, RI  02905  USA",LLC
243,43,"1 Talbot & County, LLC",1734173,531120.0,,"101 FEDERAL STREET SUITE 1900BOSTON, MA  02110  USA",LLC
244,44,1 Talbot and 1 County LLC,1721170,531390.0,Revoked Entity,"225 DYER STREET 2ND FLOORPROVIDENCE, RI  02903  USA",LLC
245,45,1 Talbot LLC,1723173,531390.0,Revoked Entity,"225 DYER STREET 2ND FLOORPROVIDENCE, RI  02903  USA",LLC
246,46,"1 Talbot Road, LLC",1735161,531110.0,,"101 FEDERAL STREET SUITE 1900BOSTON, MA  02110  USA",LLC
247,47,1 UP LLC,1701462,325410.0,Revoked Entity,"334 KNIGHT ST BUILDING 19WARWICK, RI  02886  US",LLC
248,48,"1 WASECA, LLC",1341112,531110.0,,"650 BLACKSTONE BLVD PROVIDENCE, RI  02906  USA",LLC
249,49,"1-800-PACK-RAT, LLC",517509,493110.0,,"11640 NORTHPARK DRIVE SUITE 300WAKE FOREST, NC  27587  USA",LLC
250,50,"10 AC, LLC",565970,531390.0,,"36 SHARON DRIVE COVENTRY, RI  02816  USA",LLC
251,51,"10 Anoka Avenue, LLC",1724321,531110.0,,"PO BOX 569 BARRINGTON, RI  02806  USA",LLC
252,52,10 Armistice LLC,1713804,531110.0,,"12 HONORA LN BUZZARDS BAY, MA  02532  USA",LLC
253,53,"10 BARNEY NEWPORT, LLC",1678824,531110.0,,"370 INVERNESS LANE LONGMEADOW, MA  01106  USA",LLC
254,54,"10 BELLEVUE, L.L.C.",98801,551111.0,,"28 JACOME WAY MIDDLETOWN, RI  02842  USA",LLC
255,55,"10 BH 101, LLC",1770789,,,"100 WESTMINSTER ST PROVIDENCE, RI  02903  USA",LLC
256,56,"10 BH 102, LLC",1770873,,,"100 WESTMINSTER ST PROVIDENCE, RI  02903  USA",LLC
257,57,"10 BJ Investments, LLC",1741876,531110.0,,"26 FAIRMOUNT AVE LINCOLN, RI  02865  USA",LLC
258,58,"10 Briggs Solar NG, LLC",1706126,221114.0,,"255 HOPE ST 2ND FLOORPROVIDENCE, RI  02906  USA",LLC
259,59,"10 Brown & Howard, LLC",1732658,531311.0,,"100 WESTMINSTER STREET PROVIDENCE, RI  02903  USA",LLC
260,60,"10 CANAL STREET, LLC",799242,531120.0,,"8 SOUND SHORE DRIVE SUITE 140GREENWICH, CT  06830  USA",LLC
261,61,"10 Cedar Swamp, LLC",1736764,531110.0,,"5 REARDON WAY SMITHFIELD, RI  02917  USA",LLC
262,62,"10 CODDINGTON HIGHWAY, LLC",790725,531120.0,,"50 UNDERWOOD LANE MIDDLETOWN, RI  02842  USA",LLC
263,63,10 CORLISS LANDING LLC,638765,531120.0,,"113 WICKENDEN STREET PROVIDENCE, RI  02903  USA",LLC
264,64,"10 Dickinson Avenue, LLC",1716085,531311.0,,"59 RECTOR STREET EAST GREENWICH, RI  02818  USA",LLC
265,65,"10 Dorrance Street, LLC",1734372,531390.0,,"100 WESTMINSTER STREET PROVIDENCE, RI  02903  USA",LLC
266,66,10 EAST LLC,1769383,,,"10 EAST AVE. WESTERLY, RI  02891  USA",LLC
267,67,"10 Elizabeth-C, LLC",1761132,531110.0,,"10 ELIZABETH ROAD, UNIT C NARRAGANSETT, RI  02882  USA",LLC
268,68,10 HEMINGWAY DRIVE LLC,829287,531311.0,,"2 KATHLEEN DRIVE WOBURN, MA  01801  USA",LLC
269,69,"10 Higginson Avenue, LLC",1669182,531390.0,,"1 THOMAS DRIVE CUMBERLAND, RI  02864  USA",LLC
270,70,"10 Howard Wharf OpCo, LLC",1777078,,,"222 BELLEVUE AVENUE NEWPORT, RI  02840  USA",LLC
271,71,"10 Howard Wharf, LLC",1776944,,,"222 BELLEVUE AVENUE NEWPORT, RI  02840  USA",LLC
272,72,"10 Jefferson, LLC",1697665,561621.0,,"297 BROADWAY C/O AMERICAN ALARM & COMMUNICATIONS, INC.ARLINGTON, MA  02474  USA",LLC
273,73,"10 LANDS END, LLC",793748,531110.0,,"PO BOX 277 NARRAGANSETT, RI  02882  USA",LLC
274,74,"10 Lark Industrial Parkway, LLC",1762655,531390.0,,"20 LARK INDUSTRIAL PARKWAY SMITHFIELD, RI  02828  USA",LLC
275,75,10 Narragansett Ave LLC,1686210,531390.0,,"7 AVENUE DE LAFAYETTE P.O. BOX 121253BOSTON, MA  02110  USA",LLC
276,76,10 NW Passage LLC,1727763,531120.0,,"429 MAIN STREET WARREN, RI  02885  USA",LLC
277,77,10 Old Dominion Operations LLC,1689115,623312.0,,"6931 ARLINGTON ROAD SUITE 320BETHESDA, MD  20814  USA",LLC
278,78,"10 Old Usquepaugh, LLC",1697232,533110.0,,"10 OLD USQUEPAUGH ROAD SOUTH KINGSTOWN, RI  02879  USA",LLC
279,79,"10 Out of 10 Properties, LLC",1706268,531311.0,Revoked Entity,"110 RUGBY STREET PROVIDENCE, RI  02905  USA",LLC
280,80,10 PEQUOT LLC,971469,531390.0,,"24 SOUTH ANGELL STREET PROVIDENCE, RI  02906  USA",LLC
281,81,10 Prospect LLC,1662720,531311.0,,"426 EAST SHORE ROAD JAMESTOWN, RI  02835  USA",LLC
282,82,10 ROCKS LOUNGE & TAPAS LLC,871675,722511.0,,"281 RESERVOIR AVENUE LINCOLN, RI  02865  USA",LLC
283,83,"10 Rounds Lane, LLC",1663712,531110.0,,"132 COUNTY ROAD BARRINGTON, RI  02806  USA",LLC
284,84,10 SACHUEST DRIVE LLC,1735591,,,"212 EAST GOWEN AVENUE PHILADELPHIA, PA  19119  USA",LLC
285,85,"10 Sachuest Drive, LLC",1718465,999999.0,,"2949 PENNSYLVANIA  AVENUE PHILADELPHIA, PA  19130  USA",LLC
286,86,"10 SEA LEA DRIVE, LLC",1657332,531110.0,,"VIN RINALDI ESQ 150 CHESTNUT ST 2ND FLOORPROVIDENCE, RI  02903  USA",LLC
287,87,"10 TON DUMP'S, LLC",1729663,562111.0,Revoked Entity,"110 RUGBY STREET PROVIDENCE, RI  02905  USA",LLC
288,88,"10 Wapping, LLC",1716643,531110.0,,"4560 COLUMBINE STREET DENVER, CO  80216  USA",LLC
289,89,"10 WEYBOSSET STREET, LLC",1769485,,,"100 WESTMINSTER ST PROVIDENCE, RI  02903  USA",LLC
290,90,10 WOODLAND DRIVE OPERATIONS LLC,485357,623110.0,,"101 EAST STATE STREET KENNETT SQUARE, PA  19348  USA",LLC
291,91,"10-12 E Transit Properties, LLC",1705730,531110.0,,"32 FORT AVENUE CRANSTON, RI  02905  USA",LLC
292,92,"10-16 Benjamin, LLC",1703222,531110.0,,"31 DORR ROAD NEWTON, MA  02458  USA",LLC
293,93,100 ANDREWS ST LLC,945643,,,"68 WALKER LANE FREMONT, NH  03044  USA",LLC
294,94,"100 ANDREWS STREET, LLC",977945,,,"78 WALKER LANE FREEMONT, NH  03044  USA",LLC
295,95,"100 Arcadia, LLC",1693166,531390.0,,"692 WARREN AVENUE EAST PROVIDENCE, RI  02914  USA",LLC
296,96,"100 Bellows, LLC",1720301,531311.0,,"420 ATWOOD AVENUE CRANSTON, RI  02920  USA",LLC
297,97,"100 BLEACHERY CT, LLC",1743823,531110.0,,"8520 BAY HILL BOULEVARD ORLANDO, FL  32819  USA",LLC
298,98,"100 Central Street, LLC",1679847,531120.0,,"542A DURFEE HILL ROAD CHEPACHET, RI  02814  USA",LLC
299,99,100 CHAMBERS STREET OPERATIONS LLC,185318,623110.0,,"101 E. STATE STREET KENNETT SQUARE, PA  19348  USA",LLC
300,0,25 Twins Lane LLP,1779483,,,"35 MEADOW VIEW BOULEVARD NORTH PROVIDENCE, RI  02904  USA",LLP
301,1,"558 Central Falls, LLP",1750889,531210.0,,"3900 NW 2ND AVE MIAMI, FL  33127  USA",LLP
302,2,"Accardo Law Offices, LLP",1758460,541110.0,,"311 ANGELL STREET PROVIDENCE, RI  02906  USA",LLP
303,3,Accenture LLP,1730049,541519.0,,"500 W. MADISON ST. C/O ACCENTURE ATTENTION: CLAUDIA ANZURCHICAGO, IL  60661  USA",LLP
304,4,Adam Financial LLP,1693391,541211.0,,"41 LONG WHARF MALL NEWPORT, RI  02840  USA",LLP
305,5,"Adler, Cohen, Harvey, Wakeman & Guekguezian, LLP",1748044,541110.0,,"2 OLIVER STREET SUITE 1005BOSTON, MA  02109  USA",LLP
306,6,"Advanced Project Solutions, LLP",1723096,517919.0,,"4501 FEMRITE DRIVE MADISON, WI  53716  USA",LLP
307,7,All That Matters Financial Services LLP,1761193,523930.0,,"605 OAK HILL ROAD NORTH KINGSTOWN, RI  02852  USA",LLP
308,8,Allen Family Partnership LLP,733895,,,"SUITE #310 C/O JR ALLEN 77 MILL STREETWESTFIELD, MA  01085  USA",LLP
309,9,"Andsager, Bartlett & Pieroni LLP",1728738,541211.0,,"1275 WAMPANOAG TRAIL SUITE 1EAST PROVIDENCE, RI  02915  USA",LLP
310,10,"ARCHER & FOPPERT, LLP",1699984,541110.0,,"57 NARRAGANSETT AVE JAMESTOWN, RI  02835  US",LLP
311,11,Armanino LLP,1728150,541211.0,,"2700 CAMINO RAMON, SUITE 350 SAN RAMON, CA  94583  USA",LLP
312,12,"Baker Tilly US, LLP",1751483,541211.0,,"205 N. MICHIGAN AVENUE 28 FLOORCHICAGO, IL  60601  USA",LLP
313,13,Barclay Damon LLP,1766308,,,"125 EAST JEFFERSON STREET SYRACUSE, NY  13202  USA",LLP
314,14,BARTON GILMAN LLP,1728217,541110.0,,"75 FEDERAL STREET, 9TH FLOOR BOSTON, MA  02110  USA",LLP
315,15,Bay Spring Associates LLP,1683289,531120.0,,"60 BAY SPRING AVENUE UNIT B3BARRINGTON, RI  02806  USA",LLP
316,16,"BDMP Assurance, LLP",1779448,,,"2211 CONGRESS STREET PORTLAND, ME  04102  USA",LLP
317,17,"BEAGAN & BEAGAN, LLP",1699601,541110.0,,"260 W EXCHANGE ST STE 101PROVIDENCE, RI  02903  USA",LLP
318,18,"Bengtson & Jestings, LLP",1674900,541110.0,,"40 WESTMINSTER STREET SUITE 300PROVIDENCE, RI  02903  USA",LLP
319,19,"BEYER BLINDER BELLE, ARCHITECTS AND PLANNERS, LLP",1773355,,,"120 BROADWAY 20TH FLOORNEW YORK, NY  10271  USA",LLP
320,20,Beyond Beauty Medspa RI LLP,1748015,812199.0,,"96 ROLFE SQUARE CRANSTON, RI  02910  USA",LLP
321,21,Beyond Beauty RI LLP,1748015,812199.0,,"96 ROLFE SQUARE CRANSTON, RI  02910  USA",LLP
322,22,"BLAIS CUNNINGHAM & CROWE CHESTER, LLP",508050,541110.0,,"150 MAIN STREET PAWTUCKET, RI  02860  USA",LLP
323,23,"BLISH & CAVANAGH, LLP",120548,541110.0,,"Due to the confidential nature of this data, the principal office cannot be displayed.",LLP
324,24,"BlueChip Financial Advisors, LLP",1732078,523930.0,,"34 HEMINGWAY DRIVE EAST PROVIDENCE, RI  02915  USA",LLP
325,25,"Bocada Enterprises, LLP",1718085,531190.0,,"33 SHARPE DRIVE CRANSTON, RI  02920  USA",LLP
326,26,"Bogue, Moylan & Marino, LLP",1339205,541110.0,,"55 PINE STREET 5TH FLOORPROVIDENCE, RI  02903  USA",LLP
327,27,BONADIO & CO. LLP,1777422,,,"171 SULLYS TRAIL SUITE 201PITTSFORD, NY  14534  USA",LLP
328,28,BPM LLP,1732176,541211.0,,"2001 N MAIN STREET SUITE 360WALNUT CREEK, CA  94596  USA",LLP
329,29,BRENNAN SCUNGIO & KRESGE  LLP,117464,541110.0,,"362 BROADWAY PROVIDENCE, RI  02903  USA",LLP
330,30,"BRENNAN, RECUPERO, CASCIONE, SCUNGIO & McALLISTER, LLP",117464,541110.0,,"362 BROADWAY PROVIDENCE, RI  02903  USA",LLP
331,31,"BREWSTER THORNTON GROUP ARCHITECTS, LLP",887536,541310.0,,"317 IRON HORSE WAY SUITE 202PROVIDENCE, RI  02908  USA",LLP
332,32,Brian Casey & Stuart Tucker LLP,1766695,531110.0,,"565 TOWER HILL ROAD NORTH KINGSTOWN, RI  02852  USA",LLP
333,33,Brown Rudnick LLP,1731668,541110.0,,"ONE FINANCIAL CENTER BOSTON, MA  02111  USA",LLP
334,34,Burns & Levinson LLP,1746216,541110.0,,"125 HIGH STREET BOSTON, MA  02110  USA",LLP
335,35,Callanan Law LLP,1730409,541110.0,,"6 LIBERTY SQUARE #2812 BOSTON, MA  02109  USA",LLP
336,36,CAMERON & MITTLEMAN LLP,98355,541110.0,,"301 PROMENADE STREET PROVIDENCE, RI  02908  USA",LLP
337,37,CAPIN CROUSE LLP,1746660,541211.0,,"345 MASSACHUSETTS AVENUE SUITE 300INDIANAPOLIS, IN  46204  USA",LLP
338,38,Carelon Global Solutions India LLP,1732746,524292.0,,"#201, 2ND FLOOR PRESTIGE SIGMA NO. 3, VITTAL MALLYA ROADBANGALORE, KA  560001  IND",LLP
339,39,"CASALE, COUTU & COMPANY, LLP",581038,541211.0,,"1 WORTHINGTON ROAD CRANSTON, RI  02920  USA",LLP
340,40,"Cassel & Angell, Attorneys at Law, L.L.P.",797274,541110.0,,"1 SUNSET LAKE CIRCLE COVENTRY, RI  02816  USA",LLP
341,41,"CAYER CACCIA, LLP",1728624,541211.0,,"931 JEFFERSON BOULEVARD SUITE 2007WARWICK, RI  02886  USA",LLP
342,42,"CENTERBROOK ARCHITECTS AND PLANNERS, LLP",1721069,541310.0,,"67 MAIN STREET P.O. BOX 955CENTERBROOK, CT  06409  USA",LLP
343,43,Cetrulo LLP,1738880,541110.0,,"TWO SEAPORT LANE 10TH FLOORBOSTON, MA  02210  USA",LLP
344,44,"CFO Realty Associates, LLP",1769204,,,"1524 ATWOOD AVENUE SUITE # 140 JOHNSTON, RI  02919  USA",LLP
345,45,"Chace Ruttenberg & Freedman, LLP",1716932,541110.0,,"ONE PARK ROW SUITE 300PROVIDENCE, RI  02903  USA",LLP
346,46,"CHARLAND, MARCIANO & COMPANY, CPAS, LLP",136215,541211.0,,"18 IMPERIAL PLACE SUITE 1DPROVIDENCE, RI  02903  USA",LLP
347,47,Cherry Bekaert LLP,1729388,541211.0,,"3800 GLENWOOD AVE SUITE 200RALEIGH, NC  27612  USA",LLP
348,48,"CITRIN COOPERMAN & COMPANY, LLP",1729693,,Revoked Entity,"529 FIFTH AVENUE NEW YORK, NY  10017  USA",LLP
349,49,Claire Weisz Architects LLP,1773280,,,"25 PARK PLACE 5TH FLOORNEW YORK, NY  10007  USA",LLP
350,50,CliftonLarsonAllen LLP,1719342,541211.0,,"220 S 6TH STREET SUITE 300MINNEAPOLIS, MN  55402  USA",LLP
351,51,CLYDE & CO US LLP,1753743,541110.0,,"405 LEXINGTON AVENUE 16TH FLOORNEW YORK, NY  10174  USA",LLP
352,52,COHNREZNICK LLP,1747019,541211.0,,"14 SYLVAN WAY PARSIPPANY, NJ  07054  USA",LLP
353,53,"Coogan Smith, LLP",1775115,,,"144 BANK STREET PO BOX 2023ATTLEBORO, MA  02703  USA",LLP
354,54,COPELAND BUHL & COMPANY LLP,1757290,541211.0,,"800 EAST WAYZATA BOULEVARD, SUITE 300 SUITE E590WAYZATA, MN  55391  USA",LLP
355,55,"CourseCam, LLP",1764670,541511.0,,"321 SOUTH MAIN STREET COVENTRY, RI  02816  USA",LLP
356,56,CREATIVE DEVELOPMENT ASSOCIATES LLP,631540,,,"910 BOSTON POST ROAD E#310 MARLBOROUGH, MA  01753  USA",LLP
357,57,Crowe LLP,1739656,541211.0,,"320 E. JEFFERSON BOULEVARD SOUTH BEND, IN  46601  USA",LLP
358,58,D'AMICO BURCHFIELD LLP,1755118,541110.0,,"536 ATWELLS AVENUE PROVIDENCE, RI  02909  USA",LLP
359,59,"Dalton & Finegold, LLP",1772725,,,"34 ESSEX STREET ANDOVER, MA  01810  USA",LLP
360,60,"Damiano & Company, LLP",1767249,,,"200 CENTERVILLE ROAD SUITE 1WARWICK, RI  02886  USA",LLP
361,61,Danziger & Markhoff LLP,1730517,541612.0,,"1133 WESTCHESTER AVENUE, SUITE N208 WHITE PLAINS, NY  10604  USA",LLP
362,62,DarrowEverett LLP,929162,541110.0,,"ONE TURKS HEAD PLACE SUITE 1200PROVIDENCE, RI  02903  USA",LLP
363,63,Day Pitney LLP,1726306,541110.0,,"GOODWIN SQUARE 225 ASYLUM STREETHARTFORD, CT  06103  USA",LLP
364,64,"DDS Engineering and Surveying, LLP",1720348,541330.0,,"45 HENDRIX ROAD WEST HENRIETTA, NY  14586  USA",LLP
365,65,"DDS Engineers, LLP",1720348,541330.0,,"45 HENDRIX ROAD WEST HENRIETTA, NY  14586  USA",LLP
366,66,"DE SISTA & PROVOST, LLP",1070244,541211.0,,"10 HIGH STREET, SUITE B WAKEFIELD, RI  02879  USA",LLP
367,67,Deep Breaths Salon and Holistic Self Empowerment Center LLP,1751377,812112.0,,"1 STARLINE WAY UNIT 2 CRANSTON, RI  02921  USA",LLP
368,68,Deloitte & Touche LLP,1728593,541211.0,,"30 ROCKEFELLER PLAZA NEW YORK, NY  10112  USA",LLP
369,69,Deloitte Consulting LLP,1733501,541611.0,,"30 ROCKEFELLER PLAZA NEW YORK, NY  10112  USA",LLP
370,70,Deloitte Financial Advisory Services LLP,1728592,541211.0,,"30 ROCKEFELLER PLAZA NEW YORK, NY  10112  USA",LLP
371,71,Deloitte LLP,1728590,541219.0,,"30 ROCKEFELLER PLAZA NEW YORK, NY  10112  USA",LLP
372,72,Deloitte Tax LLP,1724836,541211.0,,"30 ROCKEFELLER PLAZA NEW YORK, NY  10112  USA",LLP
373,73,Deloitte Transactions and Business Analytics LLP,1733099,541219.0,,"30 ROCKEFELLER PLAZA NEW YORK, NY  10112  USA",LLP
374,74,"Design Republic Partners Architects, L.L.P.",1732158,541310.0,,"501 MADISON AVENUE, 11TH FLOOR NEW YORK, NY  10022  USA",LLP
375,75,"Dinur and DeLuca, LLP",1753514,541110.0,,"6400 POWERS FERRY ROAD SUITE 396ATLANTA, GA  30339  USA",LLP
376,76,"Eckland & Blando, LLP",1778664,,,"10 SOUTH STREET SUITE 800MINNEAPOLIS, MN  55402  USA",LLP
377,77,Eide Bailly LLP,1736835,541211.0,,"4310 17TH AVENUE S FARGO, ND  58103  USA",LLP
378,78,Ennead Architects LLP,1727813,,Revoked Entity,"1 WORLD TRADE CENTER, 40TH FLOOR NEW YORK, NY  10007  USA",LLP
379,79,ERNST & YOUNG  US LLP,1738258,541211.0,,"ONE MANHATTAN WEST NEW YORK, NY  10001-8604  USA",LLP
380,80,Ernst & Young Investment Advisers LLP,1744979,523110.0,,"ONE MANHATTAN WEST NEW YORK, NY  10001  USA",LLP
381,81,ERNST & YOUNG LLP,1738260,541211.0,,"ONE MANHATTAN WEST NEW YORK, NY  10001-8604  USA",LLP
382,82,FARRELL SMITH O'CONNELL AARSHEIM APRANS LLP,1745782,541110.0,,"27 CONGRESS STREET SUITE 508SALEM, MA  01970  USA",LLP
383,83,"Ferguson & Shamamian Architects, LLP",1747224,541310.0,,"270 LAFAYETTE STREET SUITE 300NEW YORK, NY  10012  USA",LLP
384,84,FISHER & PHILLIPS LLP,1744983,,Revoked Entity,"1075 PEACHTREE STREET, NE, SUITE 3500 ATLANTA, GA  30309  USA",LLP
385,85,"Forvis Mazars, LLP",1755308,541211.0,,"910 E. ST. LOUIS STREET, SUITE 400 SPRINGFIELD, MO  65806  USA",LLP
386,86,"FORVIS, LLP",1755308,541211.0,,"910 E. ST. LOUIS STREET, SUITE 400 SPRINGFIELD, MO  65806  USA",LLP
387,87,"FRANK, RIMERMAN & CO. LLP",1779303,,,"60 S MARKET STREET, SUITE 500 SAN JOSE, CA  95113  USA",LLP
388,88,"Freeman Mathis & Gary, LLP",1724335,541110.0,,"100 GALLERIA PARKWAY SUITE 1600ATLANTA, GA  30339-5948  USA",LLP
389,89,Friedman LLP,1734721,541219.0,,"706 TULIP PLACE C/O R HOFFMANRIVER VALE, NJ  07675  USA",LLP
390,90,G&V Multiservices LLP,1776257,,,"58 BOVVDOIN STREET PROVIDENCE, RI  02909  USA",LLP
391,91,"Gidley, Sarli & Marusak, L.L.P.",943967,541110.0,,"ONE TURKS HEAD PLACE SUITE 900PROVIDENCE, RI  02903  USA",LLP
392,92,"Gilstein, Kinder & Levin, LLP",99338,541110.0,,"300 METRO CENTER BOULEVARD SUITE 150AWARWICK, RI  02886  USA",LLP
393,93,"GOLUSES & COMPANY, LLP",1691342,541219.0,,"1 WAYLAND AVENUE UNIT 312NPROVIDENCE, RI  02906  USA",LLP
394,94,Gordon Rees Scully Mansukhani LLP,1733322,541110.0,,"315 PACIFIC AVENUE SAN FRANCISCO, CA  94111  USA",LLP
395,95,Grant Thornton LLP,1745238,541211.0,,"171 N. CLARK STREET SUITE 200CHICAGO, IL  60601  USA",LLP
396,96,"Greenberg Traurig, LLP",1734900,541110.0,,"ONE VANDERBILT AVENUE, 30TH FLOOR GREENBERG TRAURIG LLPNEW YORK, NY  10017  USA",LLP
397,97,"Guardian Litigation Group, LLP",1748689,541110.0,,"17850 IRVINE, CA  92614  USA",LLP
398,98,H&B DRYWALL CONSTRUCTION LLP,1764320,,Revoked Entity,"62 VALLEY STREET APT. 2CENTRAL FALLS, RI  02863  USA",LLP
399,99,HALPERIN  LLP,1708897,541110.0,,"39 PIKE STREET SUITE 4PROVIDENCE, RI  02903  USA",LLP
400,0,"#1 Woonsocket 23 Units, Tax Credit Fund, L.P.",66107,,Revoked Entity,"C/O MICHAEL P. VENDETTI 192 LINCOLN STWOONSOCKET, RI  02895  USA",LP
401,1,"10 Young Street, LP",488774,531311.0,,"941 DYER AVENUE CRANSTON, RI  02920  USA",LP
402,2,"1005 Realty, LP",103684,531311.0,,"62 WASHINGTON STREET NEWPORT, RI  02840  USA",LP
403,3,110 GRAHAM LP,1742130,531120.0,,"48 STRIDESHAM CT BALTIMORE, MD  21209  USA",LP
404,4,"1112 Charles, LP",555470,531120.0,,"101 PLAIN STREET 1ST FLOOR, SUITE 100PROVIDENCE, RI  02903  USA",LP
405,5,"1115 Douglas Associates, LP",95446,,Revoked Entity,"C/O 1117 DOUGLAS CORP 129 DORRANCE STPROVIDENCE, RI  02903  USA",LP
406,6,"1117 Douglas Associates, LP",95445,,Revoked Entity,"C/O 1117 DOUGLAS CORP 120 DORRANCE STPROVIDENCE, RI  02903  USA",LP
407,7,"1127 Mineral Spring Associates, LP",111342,531110.0,,"101 PLAIN STREET, 1ST FLOOR, SUITE 100 PROVIDENCE, RI  02903  USA",LP
408,8,"1145 Main Associates, LP",86519,531120.0,,"101 PLAIN STREET 1ST FLOOR, SUITE 100PROVIDENCE, RI  02903  USA",LP
409,9,"1150 Bristol Associates, LP",109151,,Revoked Entity,"20 WESTMINSTER STREET PROVIDENCE, RI  02903  USA",LP
410,10,"12 Salt Pond Associates, LP",112155,531110.0,,"101 PLAIN STREET 1ST FLOOR, SUITE 100PROVIDENCE, RI  02903  USA",LP
411,11,1200 North Main Associates l.p.,49815,,Revoked Entity,"C/O STEPHEN LEWINSTEIN 17 GREATON DRPROVIDENCE, RI  02906  USA",LP
412,12,"1201 Putnam, LP",145264,,Revoked Entity,"20 WESTMINSTER STREET PROVIDENCE, RI  02903  USA",LP
413,13,"122 Bacon Street Associates, L.P.",50140,,Revoked Entity,"C/O DONALD MARINI 300 WAMPANOAG TRAILEAST PROVIDENCE, RI  02915  USA",LP
414,14,"1247 Social Street Investors, LP",1736310,,Revoked Entity,"5 FOUR COINS DRIVE CANONSBURG, PA  15317  USA",LP
415,15,"127 Dorrance Street Associates, L.P.",74177,,Revoked Entity,"C/O ROBERT D. WIECK, ESQ. 101 DYER STREET, SUITE 400PROVIDENCE, RI  02903  USA",LP
416,16,"128 Atlantic, LP",154632,531120.0,,"101 PLAIN STREET, 1ST FLOOR, SUITE 100 PROVIDENCE, RI  02903  USA",LP
417,17,"130 Atlantic, LP",154631,531120.0,,"101 PLAIN STREET 1ST FLOOR, SUITE 100PROVIDENCE, RI  02903  USA",LP
418,18,"130 Thames Street Associates, L.P.",76383,531311.0,,"EUGENE GOLDSTEIN 244 GANO STREETPROVIDENCE, RI  02906  USA",LP
419,19,"133 Atlantic Associates, L.P.",100850,531120.0,,"101 PLAIN STREET, 1ST FLOOR, SUITE 100 PROVIDENCE, RI  02903  USA",LP
420,20,"135 Franklin, LP",117813,,Revoked Entity,"20 WESTMINSTER STREET PROVIDENCE, RI  02903  USA",LP
421,21,14 Rivers Edge LP,1696828,,Revoked Entity,"45 NOOSENECK HILL WEST GREENWICH, RI  02817  USA",LP
422,22,"140 Atlantic, LP",1691628,531120.0,,"101 PLAIN STREET 1ST FLOOR, SUITE 100PROVIDENCE, RI  02903  USA",LP
423,23,"1417 Partners, LP",1338023,531110.0,,"101 PLAIN STREET 1ST FLOOR, SUITE 100PROVIDENCE, RI  02903  USA",LP
424,24,1425 Diamond HIll Road Realty LP,712165,,Revoked Entity,"1425 DIAMOND HILL ROAD CUMBERLAND, RI  02864  USA",LP
425,25,"145 Westminster Street Associates, L.P.",51808,,Revoked Entity,"C/O JOSEPH M. CERILLI 56 PINE STPROVIDENCE, RI  02903  USA",LP
426,26,"1495 BALD HILL ROAD ASSOCIATES, L.P.",50072,,Revoked Entity,"C/O SECRETARY OF STATE 148 WEST RIVER STPROVIDENCE, RI  02904  USA",LP
427,27,"1500 Mineral Spring Associates, LP",102537,531120.0,,"101 PLAIN STREET, 1ST FLOOR, SUITE 100 PROVIDENCE, RI  02903  USA",LP
428,28,"1557 Associates, L.P.",49858,,Revoked Entity,"C/O JON-AMATO INC 170 BROWN STREETPROVIDENCE, RI  02912  USA",LP
429,29,"167 Point Street Partners, L.P.",49827,,Revoked Entity,"C/O DOWNING POINT STREET INC. 200 DYER STPROVIDENCE, RI  02903  USA",LP
430,30,"170 East Main Associates, LP",118436,,Revoked Entity,"20 WESTMINSTER STREET PROVIDENCE, RI  02903  USA",LP
431,31,"170 East Main Group, LP",128953,,Revoked Entity,"1145 MAIN STREET, SUITE 3 PAWTUCKET, RI  02860  USA",LP
432,32,"171 BROADWAY ASSOCIATES, L.P.",66155,,Revoked Entity,"C/O STATEWIDE AFFORDABLE HOUSING 19 SPRING STREETNEWPORT, RI  02840  USA",LP
433,33,"1794 Smith Street Associates, L.P.",91609,531120.0,,"101 PLAIN STREET, 1ST FLOOR, SUITE 100 PROVIDENCE, RI  02903  USA",LP
434,34,"1798 Smith Associates, L.P.",91609,531120.0,,"101 PLAIN STREET, 1ST FLOOR, SUITE 100 PROVIDENCE, RI  02903  USA",LP
435,35,"1800 Smith Associates, L.P.",88749,531120.0,,"101 PLAIN STREET 1ST FLOOR, SUITE 100PROVIDENCE, RI  02903  USA",LP
436,36,"1800 Smith Associates, LP",88749,531120.0,,"101 PLAIN STREET 1ST FLOOR, SUITE 100PROVIDENCE, RI  02903  USA",LP
437,37,"1800 Smith Street Associates, LP",88749,531120.0,,"101 PLAIN STREET 1ST FLOOR, SUITE 100PROVIDENCE, RI  02903  USA",LP
438,38,"1923 Post Road Associates, LP",120347,531120.0,,"101 PLAIN STREET, 1ST FLOOR, SUITE 100 PROVIDENCE, RI  02903  USA",LP
439,39,"1985 Smith, LP",138457,,Revoked Entity,"20 WESTMINSTER STREET PROVIDENCE, RI  02903  USA",LP
440,40,"2 Tarnished Tiaras, LP",486035,,Revoked Entity,"10 PINE TREE LANE LINCOLN, RI  02865  USA",LP
441,41,"20 Westminster Associates, L.P.",96750,,Revoked Entity,"101 PLAIN STREET, 1ST FLOOR, SUITE 100 PROVIDENCE, RI  02903  USA",LP
442,42,"2021 Smith Associates, LP",123285,,Revoked Entity,"101 PLAIN STREET, 1ST FLOOR, SUITE 100 PROVIDENCE, RI  02903  USA",LP
443,43,"2025 Smith Associates, LP",127441,,Revoked Entity,"101 PLAIN STREET, 1ST FLOOR, SUITE 100 PROVIDENCE, RI  02903  USA",LP
444,44,"2040 Smith, LP",148877,531120.0,,"101 PLAIN STREET, 1ST FLOOR, SUITE 100 PROVIDENCE, RI  02903  USA",LP
445,45,"2050 Centredale Village Associates, LP",112319,,Revoked Entity,"20 WESTMINSTER STREET PROVIDENCE, RI  02903  USA",LP
446,46,"2050 Centredale Village, LP",88750,531120.0,,"101 PLAIN STREET 1ST FLOOR, SUITE 100PROVIDENCE, RI  02903  USA",LP
447,47,"2060 Centredale Village, LP",112319,,Revoked Entity,"20 WESTMINSTER STREET PROVIDENCE, RI  02903  USA",LP
448,48,"2085 Smith, L.P.",123285,,Revoked Entity,"101 PLAIN STREET, 1ST FLOOR, SUITE 100 PROVIDENCE, RI  02903  USA",LP
449,49,"2121 Smith Associates, LP",123285,,Revoked Entity,"101 PLAIN STREET, 1ST FLOOR, SUITE 100 PROVIDENCE, RI  02903  USA",LP
450,50,"2283 Post Road Associates, LP",107239,,Revoked Entity,"20 WESTMINSTER ST/JAS REALTY TRUST PROVIDENCE, RI  02903  USA",LP
451,51,"298 Atlantic Associates, LP",114570,531120.0,,"101 PLAIN STREET 1ST FLOOR, SUITE 100PROVIDENCE, RI  02903  USA",LP
452,52,"300 Atlantic Associates, LP",132266,531120.0,,"101 PLAIN STREET, FIRST FLOOR SUITE 100PROVIDENCE, RI  02903  USA",LP
453,53,"300 Barton Associates, LP",101466,,Revoked Entity,"20 WESTMINSTER ST/CAS REALTY TRUST PROVIDENCE, RI  02903  USA",LP
454,54,"321 Knight Street, LP",1780107,,,"439 PINE STREET PROVIDENCE, RI  02907  USA",LP
455,55,35 Martin Owner LP,1726992,531120.0,,"48 STRIDESHAM CT BALTIMORE, MD  21209  USA",LP
456,56,"3781 Mendon, LP",121642,531120.0,,"101 PLAIN STREET, 1ST FLOOR, SUITE 100 PROVIDENCE, RI  02903  USA",LP
457,57,"39 Farewell, L.P.",156608,531110.0,,"50 WASHINGTON SQUARE NEWPORT, RI  02840  USA",LP
458,58,"392 Thames Newport, LP",1752698,531390.0,,"24 LEES WHARF NEWPORT, RI  02840  USA",LP
459,59,"40-42 Park Street Housing Associates, L.P.",73871,,Revoked Entity,"75 LAMBERT LIND HIGHWAY WARWICK, RI  02886  USA",LP
460,60,"42-44 East Fremont St, LP",1760786,531390.0,,"60 EAST 8TH STREET, 23D NEW YORK, NY  10003  USA",LP
461,61,"425 Dexter Associates, L.P.",1741547,531390.0,,"C/O AMERICAN BILTRITE INC. 57 RIVER STREET, SUITE 302WELLESLEY HILLS, MA  02481  USA",LP
462,62,"44 Hazel Associates, L.P.",87494,,Revoked Entity,"C/O 911 PORSCHE CORP. 129 DORRANCE STPROVIDENCE, RI  02903  USA",LP
463,63,"4tell Solutions, LP",1691411,,Revoked Entity,"15 FRANKLIN STREET PORTLAND, ME  04101  USA",LP
464,64,"5 Crown Oaks, LP",142602,531110.0,,"5 CATHEDRAL SQUARE PROVIDENCE, RI  02903  USA",LP
465,65,"50 Houghton Associates, L.P.",86518,531120.0,,"101 PLAIN STREET 1ST FLOOR, SUITE 100PROVIDENCE, RI  02903  USA",LP
466,66,"501 Wampanoag Trail, L.P.",68584,,Revoked Entity,"C/O JOHN L. MARSHALL, III 75 NEWMAN AVENUERUMFORD, RI  02916  USA",LP
467,67,"51 Middle, L.P.",156829,531110.0,,"50 WASHINGTON SQUARE NEWPORT, RI  02840  USA",LP
468,68,"530 Wood Street Associates, L.P.",91894,,Revoked Entity,"C/O WSA PROPERTY INC. 150 FRANKLIN STREETBRISTOL, RI  02809  USA",LP
469,69,532 ATWELLS L.P.,111341,,Revoked Entity,"2970 MENDON ROAD, UNIT 108 CUMBERLAND, RI  02864  USA",LP
470,70,56 ASSOC. L.P.,1664142,,Revoked Entity,"100 WESTMINSTER STREET PROVIDENCE, RI  02903  USA",LP
471,71,56 Exchange Terrace Associates L.P.,109700,531120.0,,"C/O MARSELLA PROPERTIES LLC  56 EXCHANGE STREETPROVIDENCE, RI  02903  USA",LP
472,72,"642 Boston Providence, LP",135865,531120.0,,"101 PLAIN STREET 1ST FLOOR, SUITE 100PROVIDENCE, RI  02903  USA",LP
473,73,"648 Park, LP",1723489,,Revoked Entity,"101 PLAIN STREET 1ST FLOOR, SUITE 100PROVIDENCE, RI  02903  USA",LP
474,74,"6501 Post Road Realty, L.P.",128285,,Revoked Entity,"1 LIGHTHOUSE LANE BARRINGTON, RI  02806  USA",LP
475,75,"7 Champlin Drive, LP",109081,531110.0,,"101 PLAIN STREET 1ST FLOOR, SUITE 100PROVIDENCE, RI  02903  USA",LP
476,76,"72 Gough Avenue Housing Associates, L.P.",73869,,Revoked Entity,"75 LAMBERT LIND HIGHWAY WARWICK, RI  02886  USA",LP
477,77,"731 Airport Associates, LP",49987,,Revoked Entity,",     USA",LP
478,78,"74 Old Hopkinton Road, LP",127130,531120.0,,"101 PLAIN STREET, FIRST FLOOR SUITE 100PROVIDENCE, RI  02903  USA",LP
479,79,"747 Airport Associates, LP",114572,,Revoked Entity,"20 WESTMINSTER STREET PROVIDENCE, RI  02903  USA",LP
480,80,"760 Eddy Land, LP",140292,,Revoked Entity,"20 WESTMINSTER STREET PROVIDENCE, RI  02903  USA",LP
481,81,"763, LP",1018671,,Revoked Entity,"101 PLAIN STREET, 4TH FLOOR PROVIDENCE, RI  02903  USA",LP
482,82,"775 , LP",485886,531120.0,,"101 PLAIN STREET 1ST FLOOR, SUITE 100PROVIDENCE, RI  02903  USA",LP
483,83,"775 Medical Building, LP",140293,,Revoked Entity,"20 WESTMINSTER STREET PROVIDENCE, RI  02903  USA",LP
484,84,"795 Eddy Associates, LP",162545,531120.0,,"101 PLAIN STREET, 1ST FLOOR, SUITE 100 PROVIDENCE, RI  02903  USA",LP
485,85,825 HOUSING L.P.,115597,,Revoked Entity,"845 WAKEFIELD STREET WEST WARWICK, RI  02893  USA",LP
486,86,"84 Lumber Company, L.P.",950836,444190.0,,"10 DORRANCE STREET, SUITE 700 PROVIDENCE, RI  02903  USA",LP
487,87,"89 TOM HARVEY, L.P.",164887,531120.0,,"C/O CAMERON & MITTLEMAN LLP 301 PROMENADE STREETPROVIDENCE, RI  02908  USA",LP
488,88,"94 Plain, LP",121643,,Revoked Entity,"20 WESTMINSTER STREET PROVIDENCE, RI  02903  USA",LP
489,89,"94 Weekapaug Associates, LP",109081,531110.0,,"101 PLAIN STREET 1ST FLOOR, SUITE 100PROVIDENCE, RI  02903  USA",LP
490,90,"94-100 DOWNING STREET PARTNERS, L.P.",50030,,Revoked Entity,"C/O SECRETARY OF STATE 148 WEST RIVER STPROVIDENCE, RI  02904  USA",LP
491,91,"950 Main Street Housing Associates, L.P.",73870,,Revoked Entity,"75 LAMBERT LIND HIGHWAY WARWICK, RI  02886  USA",LP
492,92,"97 White Rock, LP",124840,531110.0,,"101 PLAIN STREET 1ST FLOOR, SUITE 100PROVIDENCE, RI  02903  USA",LP
493,93,"A CHEM-DRY NORTHEAST, L.P.",62206,,Revoked Entity,"C/O SCOTT M. FLENKE 10 LAKEVIEW DRIVEWOODSTOCK, CT  06281  USA",LP
494,94,"A Prospering Community, L.P.",109759,624229.0,,"141 OLO STREET WOONSOCKET, RI  02895  USA",LP
495,95,"A&H Housing, L.P.",1736782,531110.0,,"1029 MENDON ROAD CUMBERLAND, RI  02864  USA",LP
496,96,"A.S.W. IV PARTNERS LIMITED, L.P.",99635,,Revoked Entity,",     USA",LP
497,97,A3 SMART HOME LP,574936,561621.0,,"1277 TREAT BLVD, SUITE 1000 WALNUT CREEK, CA  94597  USA",LP
498,98,"Abacus Partners, L.P.",518692,,Revoked Entity,"10 WEYBOSSET ST SUITE 403PROVIDENCE, RI  02903  USA",LP
499,99,"ACCLAIM ENERGY, LTD., LP",526269,,Revoked Entity,"1885 ST JAMES PLACE #1220 HOUSTON, TX  77010  USA",LP
