,Product Brand,Product Name,Current Price,Old Price,Rating,Product URL
0, Cole Haan,Leather Cashmere Blend Lined Basic Tech Tip Gloves,Now  EUR 73.30,EUR 97.73,3.5672,https://www.macys.com/shop/product/cole-haan-leather-cashmere-blend-lined-basic-tech-tip-gloves?ID=18734333
1, Charter Club,"Ribbed 100% Cashmere Scarf, Created for Macy's",Sale  EUR 43.28,EUR 108.21,4.0848,https://www.macys.com/shop/product/charter-club-ribbed-100-cashmere-scarf-created-for-macys?ID=14078417
2, I.N.C. International Concepts,"Doris Sparkle Mesh Pouch, Created for Macy's",Sale  EUR 35.67,EUR 79.28,4.6644,https://www.macys.com/shop/product/i.n.c.-international-concepts-doris-sparkle-mesh-pouch-created-for-macys?ID=8331994
3, I.N.C. International Concepts,"Casual Solid Belt, Created for Macy's",Sale  EUR 17.20,EUR 34.41,3.8558,https://www.macys.com/shop/product/i.n.c.-international-concepts-casual-solid-belt-created-for-macys?ID=5711171
4, Charter Club,"100% Cashmere Oversized Scarf, Created for Macy's",Now  EUR 94.24,EUR 188.49,4.5622,https://www.macys.com/shop/product/charter-club-100-cashmere-oversized-scarf-created-for-macys?ID=7425958
5, Cole Haan,Women's Faux-Fur-Lined Leather Gloves,Now  EUR 73.30,EUR 97.73,4.4783,https://www.macys.com/shop/product/cole-haan-womens-faux-fur-lined-leather-gloves?ID=18636021
6, Style & Co,"Fringe Detail Solid Soft Wrap, Created for Macy's",Sale  EUR 7.48,EUR 24.93,4.2424,https://www.macys.com/shop/product/style-co-fringe-detail-solid-soft-wrap-created-for-macys?ID=18678136
7, Charter Club,"100% Cashmere Cuffed Beanie, Created for Macys",Sale  EUR 31.71,EUR 79.28,3.5897,https://www.macys.com/shop/product/charter-club-100-cashmere-cuffed-beanie-created-for-macys?ID=14078414
8, I.N.C. International Concepts,"Double Circle Belt, Created for Macy's",Sale  EUR 19.20,EUR 38.40,4.3874,https://www.macys.com/shop/product/i.n.c.-international-concepts-double-circle-belt-created-for-macys?ID=5711167
9, I.N.C. International Concepts,"Interlocking-Hook Stretch Belt, Created for Macy's",Sale  EUR 18.20,EUR 36.40,4.512,https://www.macys.com/shop/product/i.n.c.-international-concepts-interlocking-hook-stretch-belt-created-for-macys?ID=5711174
10, Isotoner,Women's Cable Knit Gloves with Smart Touch, EUR 43.88,None,4,https://www.macys.com/shop/product/isotoner-womens-cable-knit-gloves-with-smart-touch?ID=19164771
11, Dolce&Gabbana,"Women's Sunglasses, DG4414",Sale  EUR 181.01,EUR 362.02,5,https://www.macys.com/shop/product/dolce-gabbana-womens-sunglasses-dg4414?ID=15178216
12, I.N.C. International Concepts,"Reversible Panel Belt, Created for Macy's",Sale  EUR 17.20,EUR 34.41,4.1176,https://www.macys.com/shop/product/i.n.c.-international-concepts-reversible-panel-belt-created-for-macys?ID=12025585
13, Isotoner Signature,Women's Suede Touchscreen Gloves,Sale  EUR 28.92,EUR 57.84,4.2174,https://www.macys.com/shop/product/isotoner-signature-womens-suede-touchscreen-gloves?ID=18765331
14, Burberry,"Women's Joni Sunglasses, BE438955",Sale  EUR 175.52  -,EUR 351.05,3.8235,https://www.macys.com/shop/product/burberry-womens-joni-sunglasses-be438955?ID=16029778
15, Cole Haan,Women's Faux-Fur-Lined Quilted Puffer Gloves,Now  EUR 65.82,EUR 87.76,3,https://www.macys.com/shop/product/cole-haan-womens-faux-fur-lined-quilted-puffer-gloves?ID=16377329
16, Style & Co,"Women's Cozy Bordered Textured Wrap, Created for Macy's",Sale  EUR 23.34,EUR 77.79,5,https://www.macys.com/shop/product/style-co-womens-cozy-bordered-textured-wrap-created-for-macys?ID=18678127
17, I.N.C. International Concepts,"Wrap & Scarf in One, Created for Macy's",Sale  EUR 17.95,EUR 35.90,4.3243,https://www.macys.com/shop/product/i.n.c.-international-concepts-wrap-scarf-in-one-created-for-macys?ID=2634516
18, Cole Haan,Women's Faux-Fur-Cuff Leather Gloves,Now  EUR 73.30,EUR 97.73,4.7619,https://www.macys.com/shop/product/cole-haan-womens-faux-fur-cuff-leather-gloves?ID=18636019
19, I.N.C. International Concepts,"Women's Faux-Fur-Collar Topper Wrap, Created for Macy's",Sale  EUR 26.33,EUR 87.76,4.1818,https://www.macys.com/shop/product/i.n.c.-international-concepts-womens-faux-fur-collar-topper-wrap-created-for-macys?ID=18678098
20, I.N.C. International Concepts,"Metal Stretch Belt, Created for Macy's",Sale  EUR 17.20,EUR 34.41,4.1229,https://www.macys.com/shop/product/i.n.c.-international-concepts-metal-stretch-belt-created-for-macys?ID=10763545
21, I.N.C. International Concepts,"Metal Chain Belt, Created for Macy's",Sale  EUR 17.20,EUR 34.41,4.1667,https://www.macys.com/shop/product/i.n.c.-international-concepts-metal-chain-belt-created-for-macys?ID=5711182
22, I.N.C. International Concepts,"Floral Evening Wrap, Created for Macy's",Sale  EUR 22.19,EUR 44.38,4.2258,https://www.macys.com/shop/product/i.n.c.-international-concepts-floral-evening-wrap-created-for-macys?ID=13607918
23, Isotoner Signature,Women's Sleek Heat Flip Touchscreen Mittens,Sale  EUR 25.93,EUR 51.86,4,https://www.macys.com/shop/product/isotoner-signature-womens-sleek-heat-flip-touchscreen-mittens?ID=18765333
24, I.N.C. International Concepts,"Double Circle Crystal Mesh Belt, Created for Macy's ",Sale  EUR 29.17,EUR 58.34,4.1333,https://www.macys.com/shop/product/i.n.c.-international-concepts-double-circle-crystal-mesh-belt-created-for-macys?ID=18867894
25, Dorfman Pacific,Scala Women's Adjustable Wool Felt Cloche with Velvet Bow, EUR 88.76,None,4.875,https://www.macys.com/shop/product/scala-womens-adjustable-wool-felt-cloche-with-velvet-bow?ID=7986526
26, I.N.C. International Concepts,"2-Pk Snake & Solid Belt, Created for Macy's",Sale  EUR 17.20,EUR 34.41,4.1818,https://www.macys.com/shop/product/i.n.c.-international-concepts-2-pk-snake-solid-belt-created-for-macys?ID=13782544
27, I.N.C. International Concepts,"Women's Faux-Fur-Trim Wrap, Created for Macy's",Sale  EUR 20.34,EUR 67.82,3.8462,https://www.macys.com/shop/product/i.n.c.-international-concepts-womens-faux-fur-trim-wrap-created-for-macys?ID=18678106
28, Style & Co,"Women's Classic Plaid Reversible Topper Wrap, Created for Macy's",Sale  EUR 20.34,EUR 67.82,4.6667,https://www.macys.com/shop/product/style-co-womens-classic-plaid-reversible-topper-wrap-created-for-macys?ID=18678126
29, FRAAS,"Women's Plaid Brushed Poncho Sweater, Created for Macy's",Sale  EUR 30.92,EUR 61.83,4.0617,https://www.macys.com/shop/product/fraas-womens-plaid-brushed-poncho-sweater-created-for-macys?ID=6402654
30, Steve Madden,Women's Color-Blocked Long Cuff Magic Gloves,Sale  EUR 7.98,EUR 19.95,4.7143,https://www.macys.com/shop/product/steve-madden-womens-color-blocked-long-cuff-magic-gloves?ID=14386507
31, I.N.C. International Concepts,"Ruffle-Edge Metallic Evening Wrap, Created for Macy's",Sale  EUR 21.19,EUR 42.38,4.4375,https://www.macys.com/shop/product/i.n.c.-international-concepts-ruffle-edge-metallic-evening-wrap-created-for-macys?ID=5729634
32, FRAAS,Women's Twisted Fringe Solid Color Muffler Scarf ,Sale  EUR 28.92,EUR 57.84,5,https://www.macys.com/shop/product/fraas-womens-twisted-fringe-solid-color-muffler-scarf?ID=18665822
33, Charter Club,"Women's 100% Cashmere Oversized Scarf, Created for Macy's",Now  EUR 99.23,EUR 198.46,4.5172,https://www.macys.com/shop/product/charter-club-womens-100-cashmere-oversized-scarf-created-for-macys?ID=18090945
34, Style & Co,"Women's Lux Plaid Poncho, Created for Macy's",Sale  EUR 20.34,EUR 67.82,2,https://www.macys.com/shop/product/style-co-womens-lux-plaid-poncho-created-for-macys?ID=18678124
35, Charter Club,"Cashmere Stripe Muffler, Created for Macy's",Sale  EUR 51.26,EUR 128.15,4.7143,https://www.macys.com/shop/product/charter-club-cashmere-stripe-muffler-created-for-macys?ID=18121117
36, I.N.C. International Concepts,"Women's Embellished Topper Wrap, Created for Macy's",Sale  EUR 20.34,EUR 67.82,4.5,https://www.macys.com/shop/product/i.n.c.-international-concepts-womens-embellished-topper-wrap-created-for-macys?ID=18678097
37, Charter Club,"Cashmere Stripe Cuffed Beanie, Created for Macy's",Sale  EUR 39.69,EUR 99.23,5,https://www.macys.com/shop/product/charter-club-cashmere-stripe-cuffed-beanie-created-for-macys?ID=18121119
38, I.N.C. International Concepts,"Wide Stretch Belt, Created for Macy's",Sale  EUR 19.20,EUR 38.40,4.7553,https://www.macys.com/shop/product/i.n.c.-international-concepts-wide-stretch-belt-created-for-macys?ID=9893751
39, Cole Haan,Women's Quilted Leather Gloves,Now  EUR 73.30,EUR 97.73,3.8462,https://www.macys.com/shop/product/cole-haan-womens-quilted-leather-gloves?ID=16377332
40, Style & Co,Reversible Houndstooth Topper,Sale  EUR 20.34,EUR 67.82,3.4,https://www.macys.com/shop/product/style-co-reversible-houndstooth-topper?ID=18678125
41, I.N.C. International Concepts,"Round-Buckle Stretch Belt, Created for Macy's",Sale  EUR 17.20,EUR 34.41,4.6067,https://www.macys.com/shop/product/i.n.c.-international-concepts-round-buckle-stretch-belt-created-for-macys?ID=5711173
42, Steve Madden,Women's Black & Cognac Faux Leather 2 Piece Belt Set,Sale  EUR 16.95,EUR 33.91,4.3143,https://www.macys.com/shop/product/steve-madden-womens-black-cognac-faux-leather-2-piece-belt-set?ID=11557811
43, MICHAEL Michael Kors,Michael Kors Women's 32MM smooth leather belt, EUR 57.84,None,None,https://www.macys.com/shop/product/michael-kors-womens-32mm-smooth-leather-belt?ID=17563502
44, Isotoner Signature,Women's Sleek Heat Touchscreen Gloves,Sale  EUR 25.93,EUR 51.86,4.8571,https://www.macys.com/shop/product/isotoner-signature-womens-sleek-heat-touchscreen-gloves?ID=18765332
45, Versace,"Women's Polarized Sunglasses, VE4437U", EUR 354.04,None,4.9787,https://www.macys.com/shop/product/versace-womens-polarized-sunglasses-ve4437u?ID=14656233
46, Style & Co,"Women's Plaid Soft Wrap Scarf, Created for Macy's",Sale  EUR 7.48,EUR 24.93,4.7647,https://www.macys.com/shop/product/style-co-womens-plaid-soft-wrap-scarf-created-for-macys?ID=18678137
47, Timberland,Logo Detail Multi-Check Scarf & Beanie Boxed Gift Set ,Now  EUR 33.91,EUR 67.82,4.4,https://www.macys.com/shop/product/timberland-logo-detail-multi-check-scarf-beanie-boxed-gift-set?ID=18735789
48, I.N.C. International Concepts,"Ranndi Mini Beaded Clutch Crossbody, Created for Macy's ",Sale  EUR 38.74,EUR 129.15,4.5,https://www.macys.com/shop/product/i.n.c.-international-concepts-ranndi-mini-beaded-clutch-crossbody-created-for-macys?ID=17753715
49, Style & Co,"Women's Lux Plaid Poncho, Created for Macy's",Sale  EUR 17.35,EUR 57.84,3.8333,https://www.macys.com/shop/product/style-co-womens-lux-plaid-poncho-created-for-macys?ID=18678130
50, Cole Haan,Women's Rib-Knit Leather-Palm Gloves,Now  EUR 65.82,EUR 87.76,4.5,https://www.macys.com/shop/product/cole-haan-womens-rib-knit-leather-palm-gloves?ID=18635960
51, I.N.C. International Concepts,"Women's Beanie & Faux-Fur-Trim Gloves Boxed Gift Set, Created for Macy's",Sale  EUR 23.34,EUR 77.79,4.1,https://www.macys.com/shop/product/i.n.c.-international-concepts-womens-beanie-faux-fur-trim-gloves-boxed-gift-set-created-for-macys?ID=18678099
52, I.N.C. International Concepts,"Prudence Shiny Mesh Clutch, Created for Macy's", EUR 59.34,None,4.699,https://www.macys.com/shop/product/i.n.c.-international-concepts-prudence-shiny-mesh-clutch-created-for-macys?ID=2918417
53, Giani Bernini,Women's Sailor Knot Cobra Stretch Belt,Sale  EUR 21.19,EUR 42.38,4.2143,https://www.macys.com/shop/product/giani-bernini-womens-sailor-knot-cobra-stretch-belt?ID=13619031
54, Cole Haan,Lattice Ribbed Scarf,Now  EUR 58.34,EUR 77.79,4.3333,https://www.macys.com/shop/product/cole-haan-lattice-ribbed-scarf?ID=18635961
55, Angela & William,Cable Pom Beanie with Sherpa Lining, EUR 43.88,None,4.2963,https://www.macys.com/shop/product/angela-william-cable-pom-beanie-with-sherpa-lining?ID=10476081
56, I.N.C. International Concepts,"Embellished Wrap Scarf, Created for Macy's",Sale  EUR 19.20,EUR 38.40,4.6341,https://www.macys.com/shop/product/i.n.c.-international-concepts-embellished-wrap-scarf-created-for-macys?ID=13618938
57, Steve Madden,Women's Reversible Faux-Leather Belt,Sale  EUR 18.95,EUR 37.90,4.2143,https://www.macys.com/shop/product/steve-madden-womens-reversible-faux-leather-belt?ID=16667145
58, I.N.C. International Concepts,"Double-Circle Rhinestone Belt, Created for Macy's",Sale  EUR 17.20,EUR 34.41,4.4884,https://www.macys.com/shop/product/i.n.c.-international-concepts-double-circle-rhinestone-belt-created-for-macys?ID=11592015
59, Charter Club,"Cashmere Leopard Muffler, Created for Macy's",Sale  EUR 51.26,EUR 128.15,4.5,https://www.macys.com/shop/product/charter-club-cashmere-leopard-muffler-created-for-macys?ID=18121116
60, Calvin Klein,Women's Oval Center Bar Buckle Dress Belt,Sale  EUR 23.93,EUR 47.87,4.1515,https://www.macys.com/shop/product/calvin-klein-womens-oval-center-bar-buckle-dress-belt?ID=12076445
61, I.N.C. International Concepts,"Women's Wide Faux-Leather Sash Belt, Created for Macy's",Sale  EUR 24.18,EUR 48.37,4.6,https://www.macys.com/shop/product/i.n.c.-international-concepts-womens-wide-faux-leather-sash-belt-created-for-macys?ID=14930325
62, Cole Haan,Women's Leather Points Stretch Gloves,Now  EUR 65.82,EUR 87.76,3.8889,https://www.macys.com/shop/product/cole-haan-womens-leather-points-stretch-gloves?ID=16377326
63, Style & Co,"Women's Striped Fringe-Trim Scarf, Created for Macy's",Now  EUR 5.74,EUR 38.40,5,https://www.macys.com/shop/product/style-co-womens-striped-fringe-trim-scarf-created-for-macys?ID=17498817
64, Dorfman Pacific,Women's Packable Wool Cloche, EUR 66.82,None,3.72,https://www.macys.com/shop/product/dorfman-pacific-womens-packable-wool-cloche?ID=7280006
65, kate spade new york,kate sapde new york Crochet Rib Beret, EUR 67.82,None,3.6667,https://www.macys.com/shop/product/kate-sapde-new-york-crochet-rib-beret?ID=18867530
66, I.N.C. International Concepts,"NEW! Women's Bouclé Conductor Hat, Created for Macy's",Sale  EUR 22.19,EUR 44.38,5,https://www.macys.com/shop/product/i.n.c.-international-concepts-womens-boucle-conductor-hat-created-for-macys?ID=18823798
67, Giani Bernini,Women's Signature-Buckle Panel Belt  ,Sale  EUR 19.20,EUR 38.40,4.2439,https://www.macys.com/shop/product/giani-bernini-womens-signature-buckle-panel-belt?ID=12054932
68, Style & Co,"Fringe Detail Herringbone Scarf, Created for Macy's",Sale  EUR 7.48,EUR 24.93,4.75,https://www.macys.com/shop/product/style-co-fringe-detail-herringbone-scarf-created-for-macys?ID=18678133
69, Holiday Lane,"Mixed Hearts Oblong Scarf, Exclusively at Macy's ",Sale  EUR 17.95,EUR 35.90,1,https://www.macys.com/shop/product/holiday-lane-mixed-hearts-oblong-scarf-exclusively-at-macys?ID=19621072
70, Cole Haan,Women's Leather Stud Gloves,Now  EUR 73.30,EUR 97.73,3.8824,https://www.macys.com/shop/product/cole-haan-womens-leather-stud-gloves?ID=16377330
71, Charter Club,"Cashmere Embellished Cuffed Beanie, Created for Macy's",Sale  EUR 47.67,EUR 119.18,4.2857,https://www.macys.com/shop/product/charter-club-cashmere-embellished-cuffed-beanie-created-for-macys?ID=18121139
72, Cole Haan,Women's Stretch-Palm Leather Gloves,Now  EUR 73.30,EUR 97.73,3,https://www.macys.com/shop/product/cole-haan-womens-stretch-palm-leather-gloves?ID=18635966
73, Isotoner Signature,Women's Rib-Knit Fleece-Lined Gloves,Sale  EUR 25.93,EUR 51.86,4.6842,https://www.macys.com/shop/product/isotoner-signature-womens-rib-knit-fleece-lined-gloves?ID=16355569
74, Steve Madden,Versatile Women's 3-Pk. Faux-Leather Belts,Sale  EUR 18.95,EUR 37.90,4.125,https://www.macys.com/shop/product/steve-madden-versatile-womens-3-pk.-faux-leather-belts?ID=14268112
75, I.N.C. International Concepts,"Women's Interlocking Hook Stretch Belt, Created for Macy's",Sale  EUR 24.18,EUR 48.37,5,https://www.macys.com/shop/product/i.n.c.-international-concepts-womens-interlocking-hook-stretch-belt-created-for-macys?ID=17325100
76, Isotoner Signature,Nordic Fair Isle Water Repellent Knit Mittens,Sale  EUR 21.94,EUR 43.88,4.2727,https://www.macys.com/shop/product/isotoner-signature-nordic-fair-isle-water-repellent-knit-mittens?ID=18765335
77, Style & Co,Basic Straw Panama Hat,Now  EUR 15.29,EUR 38.40,4.55,https://www.macys.com/shop/product/style-co-basic-straw-panama-hat?ID=17262203
78, KARL LAGERFELD PARIS,Women's Charm Baseball Hat, EUR 57.84,None,5,https://www.macys.com/shop/product/karl-lagerfeld-paris-womens-charm-baseball-hat?ID=17625882
79, I.N.C. International Concepts,"Ranndi Mini Ombre Clutch Crossbody, Created for Macy's ",Sale  EUR 29.77,EUR 99.23,3.6667,https://www.macys.com/shop/product/i.n.c.-international-concepts-ranndi-mini-ombre-clutch-crossbody-created-for-macys?ID=17753716
80, Cole Haan,Lattice Cuff Beanie,Now  EUR 43.38,EUR 57.84,5,https://www.macys.com/shop/product/cole-haan-lattice-cuff-beanie?ID=18635959
81, I.N.C. International Concepts,"Women's Tropical-Print Bandana Square, Created for Macy's",Now  EUR 12.89,EUR 32.41,5,https://www.macys.com/shop/product/i.n.c.-international-concepts-womens-tropical-print-bandana-square-created-for-macys?ID=17261879
82, FRAAS,Women's Twill Check Cowlneck Poncho,Sale  EUR 39.14,EUR 78.29,None,https://www.macys.com/shop/product/fraas-womens-twill-check-cowlneck-poncho?ID=18641559
83, Style & Co,"Women's Solid Basket Weave Soft Topper, Created for Macy's",Sale  EUR 17.35,EUR 57.84,5,https://www.macys.com/shop/product/style-co-womens-solid-basket-weave-soft-topper-created-for-macys?ID=18678128
84, Natori,Women's Faux-Fur Open-Front Topper Jacket,Now  EUR 79.77,EUR 139.62,4,https://www.macys.com/shop/product/natori-womens-faux-fur-open-front-topper-jacket?ID=19739920
85, Patricia Nash,Vintage Print Scarf, EUR 37.90,None,4.8956,https://www.macys.com/shop/product/patricia-nash-vintage-print-scarf?ID=19179003
86, Sunday Afternoons,Wool Felt Tessa Hat, EUR 94.24  -,None,4.5,https://www.macys.com/shop/product/sunday-afternoons-wool-felt-tessa-hat?ID=10042191
87, kate spade new york,NEW! Women's Houndstooth Tweed Bucket Hat, EUR 87.76,None,1,https://www.macys.com/shop/product/kate-spade-new-york-womens-houndstooth-tweed-bucket-hat?ID=19767723
88, JM Collection,"Women's Colorblocked Square Poncho Sweater, Created for Macy's ",Now  EUR 19.94,EUR 59.34,4.6667,https://www.macys.com/shop/product/jm-collection-womens-colorblocked-square-poncho-sweater-created-for-macys?ID=17908520
89, Steve Madden,Women's Chunky Knit Beret,Now  EUR 17.95,EUR 35.90,4.0952,https://www.macys.com/shop/product/steve-madden-womens-chunky-knit-beret?ID=16316659
90, Cole Haan,Women's Reversible Fair Isle Cuffed Beanie,Now  EUR 43.38,EUR 57.84,5,https://www.macys.com/shop/product/cole-haan-womens-reversible-fair-isle-cuffed-beanie?ID=18635964
91, FRAAS,Women's Leopard-Print Fringe-Trim Scarf,Sale  EUR 28.92,EUR 57.84,5,https://www.macys.com/shop/product/fraas-womens-leopard-print-fringe-trim-scarf?ID=18665826
92, Style & Co,"Shine Cable Knit Tech Gloves, Created for Macy's",Sale  EUR 5.98,EUR 19.95,3.963,https://www.macys.com/shop/product/style-co-shine-cable-knit-tech-gloves-created-for-macys?ID=18678123
93, kate spade new york,kate sapde new york Spade Cuff Beanie, EUR 57.84,None,5,https://www.macys.com/shop/product/kate-sapde-new-york-spade-cuff-beanie?ID=18867546
94, Sam Edelman,NEW! Ethyl 3-Piece Travel Pouch Set, EUR 64.82,None,5,https://www.macys.com/shop/product/sam-edelman-ethyl-3-piece-travel-pouch-set?ID=19227659
95, I.N.C. International Concepts,"Women's Felt Panama Hat, Created for Macy's",Now  EUR 24.18,EUR 48.37,4.5714,https://www.macys.com/shop/product/i.n.c.-international-concepts-womens-felt-panama-hat-created-for-macys?ID=18744270
96, Charter Club,"Cashmere Sleep Mask + Socks Boxed Gift Set, Created for Macy's",Sale  EUR 43.68,EUR 109.20,5,https://www.macys.com/shop/product/charter-club-cashmere-sleep-mask-socks-boxed-gift-set-created-for-macys?ID=18135196
97, Charter Club,"Cashmere Hat, Gloves & Scarf Boxed Gift Set, Created for Macy's",Sale  EUR 99.13,EUR 247.83,3.6571,https://www.macys.com/shop/product/charter-club-cashmere-hat-gloves-scarf-boxed-gift-set-created-for-macys?ID=14078418
98, FRAAS,Women's Classic Plaid Cashmink® Scarf,Sale  EUR 28.92,EUR 57.84,4.5714,https://www.macys.com/shop/product/fraas-womens-classic-plaid-cashmink-scarf?ID=16359931
99, Steve Madden,Women's Two-Tone Double Buckle Belt,Sale  EUR 18.95,EUR 37.90,3.8,https://www.macys.com/shop/product/steve-madden-womens-two-tone-double-buckle-belt?ID=17420796
100, Cole Haan,Women's Faux-Fur-Lined Quilted Puffer Mittens,Now  EUR 65.82,EUR 87.76,3.5,https://www.macys.com/shop/product/cole-haan-womens-faux-fur-lined-quilted-puffer-mittens?ID=16377328
101, Marcus Adler,Women's Faux Leather Knotted Band Wool Blend Felt Hat, EUR 49.81,None,3.8,https://www.macys.com/shop/product/marcus-adler-womens-faux-leather-knotted-band-wool-blend-felt-hat?ID=12437284
102, Adrianna Papell,Charmeuse Shawl, EUR 49.86,None,3.9688,https://www.macys.com/shop/product/adrianna-papell-charmeuse-shawl?ID=1416622
103, JM Collection,"JM  Collection Women's Printed Poncho Turtleneck Sweater, Created for Macy's",Now  EUR 19.94,EUR 59.34,4.3045,https://www.macys.com/shop/product/jm-collection-womens-printed-poncho-turtleneck-sweater-created-for-macys?ID=15881555
104, I.N.C. International Concepts,"Prudence Small Diamond Mesh Crossbody, Created for Macy's ", EUR 69.31,None,4,https://www.macys.com/shop/product/i.n.c.-international-concepts-prudence-small-diamond-mesh-crossbody-created-for-macys?ID=17315209
105, SL Fashions,Sheer Capelet Shawl, EUR 38.89,None,4.2093,https://www.macys.com/shop/product/sl-fashions-sheer-capelet-shawl?ID=2756763
106, I.N.C. International Concepts,"Ranndi Star Pearl Mini Clutch Crossbody, Created for Macy's ",Sale  EUR 29.77,EUR 99.23,None,https://www.macys.com/shop/product/i.n.c.-international-concepts-ranndi-star-pearl-mini-clutch-crossbody-created-for-macys?ID=17753718
107, FRAAS,Women's Houndstooth Fringe-Trim Scarf,Sale  EUR 28.92,EUR 57.84,5,https://www.macys.com/shop/product/fraas-womens-houndstooth-fringe-trim-scarf?ID=18665825
108, Isotoner,Women's Nordic Fairisle Water Repellent Knit Gloves, EUR 43.88,None,4.5,https://www.macys.com/shop/product/isotoner-womens-nordic-fairisle-water-repellent-knit-gloves?ID=19164770
109, Tiffany & Co.,TF2116B Women's Square Eyeglasses, EUR 374.98,None,4.5577,https://www.macys.com/shop/product/tiffany-co.-tf2116b-womens-square-eyeglasses?ID=14411878
110, Cole Haan,Leather Flip Mitt Gloves,Now  EUR 65.82,EUR 87.76,4,https://www.macys.com/shop/product/cole-haan-leather-flip-mitt-gloves?ID=18635968
111, Lucky Brand,Western Suede Belt, EUR 59.34,None,4.6154,https://www.macys.com/shop/product/lucky-brand-western-suede-belt?ID=16073068
112, I.N.C. International Concepts,"Women's 2-Pc. Faux-Leather Belt Set, Created for Macy's",Now  EUR 12.70,EUR 42.38,5,https://www.macys.com/shop/product/i.n.c.-international-concepts-womens-2-pc.-faux-leather-belt-set-created-for-macys?ID=18836814
113, Frye,25mm Flat Strap Keeper with Shot Bead Edge, EUR 47.87,None,4,https://www.macys.com/shop/product/frye-25mm-flat-strap-keeper-with-shot-bead-edge?ID=17390827
114, Cole Haan,Women's Braided-Cuff Leather Gloves,Now  EUR 73.30,EUR 97.73,4.4545,https://www.macys.com/shop/product/cole-haan-womens-braided-cuff-leather-gloves?ID=16377331
115, Style & Co,"Women's Packable Paper Framer Hat, Created for Macy's",Now  EUR 15.29,EUR 38.40,4.6667,https://www.macys.com/shop/product/style-co-womens-packable-paper-framer-hat-created-for-macys?ID=17390028
116, Balenciaga,"Women's Sunglasses, BB0258S",Now  EUR 342.07,EUR 488.67,2.5,https://www.macys.com/shop/product/balenciaga-womens-sunglasses-bb0258s?ID=16444259
117, I.N.C. International Concepts,"Women's Embellished Skipper Cap, Created for Macy's",Sale  EUR 22.19,EUR 44.38,4.5,https://www.macys.com/shop/product/i.n.c.-international-concepts-womens-embellished-skipper-cap-created-for-macys?ID=18823797
118, Charter Club,"Cashmere ""Ciao"" Sleep Mask + Socks Boxed Gift Set, Created for Macy's",Sale  EUR 43.68,EUR 109.20,None,https://www.macys.com/shop/product/charter-club-cashmere-ciao-sleep-mask-socks-boxed-gift-set-created-for-macys?ID=18135173
119, Angela & William,Faux Fur Pom Beanie with Fleece Lining, EUR 47.87,None,3.25,https://www.macys.com/shop/product/angela-william-faux-fur-pom-beanie-with-fleece-lining?ID=10476083
120, Cole Haan,Classic Winter Gloves,Now  EUR 50.86,EUR 67.82,1,https://www.macys.com/shop/product/cole-haan-classic-winter-gloves?ID=18636023
121, I.N.C. International Concepts,"Women's Faux-Fur-Trim Scarf, Created for Macy's",Sale  EUR 14.36,EUR 47.87,None,https://www.macys.com/shop/product/i.n.c.-international-concepts-womens-faux-fur-trim-scarf-created-for-macys?ID=18678100
122, Dorfman Pacific,Women's Knit Wool Cloche with Flower, EUR 64.82,None,4.7391,https://www.macys.com/shop/product/dorfman-pacific-womens-knit-wool-cloche-with-flower?ID=7280009
123, MIU MIU,"Women's Sunglasses, MU 54YS", EUR 627.29,None,4.6667,https://www.macys.com/shop/product/miu-miu-womens-sunglasses-mu-54ys?ID=19500961
124, FRAAS,Women's Argyle Fringe-Trim Scarf,Sale  EUR 28.92,EUR 57.84,None,https://www.macys.com/shop/product/fraas-womens-argyle-fringe-trim-scarf?ID=18665824
125, kate spade new york,Women's Spade Logo Pop-Top Gloves, EUR 57.84,None,None,https://www.macys.com/shop/product/kate-spade-new-york-womens-spade-logo-pop-top-gloves?ID=18867549
126, Patricia Nash,NEW! Bark Leaves Scarf,Sale  EUR 18.95,EUR 37.90,4.9444,https://www.macys.com/shop/product/patricia-nash-bark-leaves-scarf?ID=18177965
127, Heat Holders,Women's Cannes Ribbed Pom-Pom Hat, EUR 34.90,None,4.8,https://www.macys.com/shop/product/heat-holders-womens-cannes-ribbed-pom-pom-hat?ID=16758195
128, Lucky Brand,Women's Perforated Scalloped Edge Leather Belt, EUR 59.34,None,4.75,https://www.macys.com/shop/product/lucky-brand-womens-perforated-scalloped-edge-leather-belt?ID=14229972
129, I.N.C. International Concepts,"Caitlinn Mini Beaded Clutch Crossbody, Created for Macy's ",Sale  EUR 35.67,EUR 79.28,5,https://www.macys.com/shop/product/i.n.c.-international-concepts-caitlinn-mini-beaded-clutch-crossbody-created-for-macys?ID=17753714
130, Simply Natural,Women's Embroidered Alpaca Reversible Kimono, EUR 324.11,None,4.4,https://www.macys.com/shop/product/simply-natural-womens-embroidered-alpaca-reversible-kimono?ID=10480729
131, Kipling,Kichirou Lunch Bag, EUR 58.84,None,3.4348,https://www.macys.com/shop/product/kipling-kichirou-lunch-bag?ID=16624561
132, Versace,"Women's Sunglasses, VE4437U", EUR 304.17,None,4.9787,https://www.macys.com/shop/product/versace-womens-sunglasses-ve4437u?ID=16696081
133, Holiday Lane,"Colorblock Hearts Square Scarf, Exclusively at Macy's ",Sale  EUR 17.95,EUR 35.90,None,https://www.macys.com/shop/product/holiday-lane-colorblock-hearts-square-scarf-exclusively-at-macys?ID=19621074
134, Steve Madden,Women's Two-Tone Paperclip Chain Belt,Sale  EUR 20.94,EUR 41.89,4.8571,https://www.macys.com/shop/product/steve-madden-womens-two-tone-paperclip-chain-belt?ID=17715421
135, kate spade new york,Women's Embellished Ear Muffs, EUR 77.79,None,5,https://www.macys.com/shop/product/kate-spade-new-york-womens-embellished-ear-muffs?ID=18867532
136, Sun + Stone,"Men's Cuffed Beanie, Created for Macy's ",Now  EUR 19.94,EUR 39.89,4.4348,https://www.macys.com/shop/product/sun-stone-mens-cuffed-beanie-created-for-macys?ID=14330928
137, Epoch Hats Company,Angela & William Poly Braid Bucket Sun Hat with Ribbon, EUR 35.90,None,3.5769,https://www.macys.com/shop/product/angela-william-poly-braid-bucket-sun-hat-with-ribbon?ID=9481299
138, kate spade new york,Women's Patent Leather Bow Belt, EUR 57.84,None,4,https://www.macys.com/shop/product/kate-spade-new-york-womens-patent-leather-bow-belt?ID=16434491
139, I.N.C. International Concepts,"Rebecc Metallic Snake Medium Clutch Crossbody, Created for Macy's ",Sale  EUR 35.67,EUR 79.28,4.1111,https://www.macys.com/shop/product/i.n.c.-international-concepts-rebecc-metallic-snake-medium-clutch-crossbody-created-for-macys?ID=17969065
140, Epoch Hats Company,Angela & William Wide Brim Sun Bucket Hat with Roll Up Edge, EUR 41.89,None,4.3704,https://www.macys.com/shop/product/angela-william-wide-brim-sun-bucket-hat-with-roll-up-edge?ID=9481286
141, I.N.C. International Concepts,"Women's Embellished Wrap, Created for Macy's",Sale  EUR 14.36,EUR 47.87,5,https://www.macys.com/shop/product/i.n.c.-international-concepts-womens-embellished-wrap-created-for-macys?ID=18678105
142, Angela & William,Messy Bun Ponytail Crochet Beanie, EUR 47.87,None,3.6667,https://www.macys.com/shop/product/angela-william-messy-bun-ponytail-crochet-beanie?ID=10476079
143, Tom Ford,TR001034 Unisex Round Eyeglasses, EUR 373.98,None,None,https://www.macys.com/shop/product/tom-ford-tr001034-unisex-round-eyeglasses?ID=12361209
144, Cole Haan,Women's Reversible Fair Isle Scarf,Now  EUR 58.34,EUR 77.79,5,https://www.macys.com/shop/product/cole-haan-womens-reversible-fair-isle-scarf?ID=18635958
145, adidas,NEW! Unisex Alphaskin 3 Neck Warmer, EUR 31.91,None,4.9091,https://www.macys.com/shop/product/adidas-unisex-alphaskin-3-neck-warmer?ID=19135486
146, Cole Haan,Woven Backed Gloves,Now  EUR 73.30,EUR 97.73,4.5,https://www.macys.com/shop/product/cole-haan-woven-backed-gloves?ID=18635967
147, Giani Bernini,Women's Logo Metal Chain Belt,Now  EUR 13.29  -,EUR 44.38,4.6667,https://www.macys.com/shop/product/giani-bernini-womens-logo-metal-chain-belt?ID=18843214
148, Holiday Lane,"Petal Hearts Square Scarf, Exclusively at Macy's ",Sale  EUR 17.95,EUR 35.90,None,https://www.macys.com/shop/product/holiday-lane-petal-hearts-square-scarf-exclusively-at-macys?ID=19621075
149, Epoch Hats Company,Wool Blend Earflap Cap with Sherpa Lining, EUR 47.87,None,None,https://www.macys.com/shop/product/epoch-hats-company-wool-blend-earflap-cap-with-sherpa-lining?ID=10476076
150, Giani Bernini,Women's Logo-Buckle Faux-Leather Belt,Now  EUR 11.50,EUR 38.40,5,https://www.macys.com/shop/product/giani-bernini-womens-logo-buckle-faux-leather-belt?ID=18836816
151, FRAAS,Women's Leo Leopard-Print Fringe-Trim Scarf,Sale  EUR 28.92,EUR 57.84,None,https://www.macys.com/shop/product/fraas-womens-leo-leopard-print-fringe-trim-scarf?ID=18665823
152, I.N.C. International Concepts,"INC Evening Wrap Collection, Created for Macy's",Your Choice  EUR 21.19,EUR 42.38,4.4316,https://www.macys.com/shop/product/inc-evening-wrap-collection-created-for-macys?ID=10419382
153, I.N.C. International Concepts,"Women's Felt Panama Hat, Created for Macy's",Now  EUR 24.18,EUR 48.37,5,https://www.macys.com/shop/product/i.n.c.-international-concepts-womens-felt-panama-hat-created-for-macys?ID=18744272
154, Totes,Women's Split-Back Bow Water Repellent Rain Hat, EUR 24.93,None,4.03,https://www.macys.com/shop/product/totes-womens-split-back-bow-water-repellent-rain-hat?ID=5832189
155, Isotoner Signature,Nordic Fair Isle Water Repellent Touchscreen Knit Gloves,Sale  EUR 21.94,EUR 43.88,4.5882,https://www.macys.com/shop/product/isotoner-signature-nordic-fair-isle-water-repellent-touchscreen-knit-gloves?ID=18765334
156, BACKSTAGE,NEW! Calvin Klein Oversized Solid Fringe Trim Pashmina, EUR 57.84,None,5,https://www.macys.com/shop/product/calvin-klein-oversized-solid-fringe-trim-pashmina?ID=18024017
157, I.N.C. International Concepts,"Pleated Clutch, Created for Macy's", EUR 79.28,None,3.8824,https://www.macys.com/shop/product/i.n.c.-international-concepts-pleated-clutch-created-for-macys?ID=12668948
158, I.N.C. International Concepts,"Women's Interlocking Hook Stretch Belt, Created for Macy's",Sale  EUR 24.18,EUR 48.37,4.3333,https://www.macys.com/shop/product/i.n.c.-international-concepts-womens-interlocking-hook-stretch-belt-created-for-macys?ID=16224606
159, Sam Edelman,High Waist Wide Width Tapered Corset Leather Belt, EUR 74.80,None,None,https://www.macys.com/shop/product/sam-edelman-high-waist-wide-width-tapered-corset-leather-belt?ID=19036211
160, Epoch Hats Company,Duckbill Ivy Cap with Stitching, EUR 38.89,None,3.3913,https://www.macys.com/shop/product/epoch-hats-company-duckbill-ivy-cap-with-stitching?ID=9481306
161, PRADA,"Low Bridge Square Women's Sunglasses, PR 22ZSF", EUR 425.84,None,None,https://www.macys.com/shop/product/prada-low-bridge-square-womens-sunglasses-pr-22zsf?ID=16444251
162, kate spade new york,Plaid Mix Multi Yarn Dye Wool Scarf, EUR 127.65,None,3.6667,https://www.macys.com/shop/product/kate-spade-new-york-plaid-mix-multi-yarn-dye-wool-scarf?ID=18867538
163, KARL LAGERFELD PARIS,Women's Karl Cation Wrap, EUR 57.84,None,None,https://www.macys.com/shop/product/karl-lagerfeld-paris-womens-karl-cation-wrap?ID=17625684
164, Sunday Afternoons,Sun Dancer Hat, EUR 65.82,None,4.7417,https://www.macys.com/shop/product/sunday-afternoons-sun-dancer-hat?ID=10042097
165, kate spade new york,Women's Embellished Ribbed Beanie, EUR 97.73,None,5,https://www.macys.com/shop/product/kate-spade-new-york-womens-embellished-ribbed-beanie?ID=18867533
166, Giani Bernini,Women's 2-Pk. Solid & Braided Belt Set,Sale  EUR 19.20,EUR 38.40,4,https://www.macys.com/shop/product/giani-bernini-womens-2-pk.-solid-braided-belt-set?ID=13619035
167, lonna & lilly,Gold-Tone Crystal Star & Imitation Pearl Hair Barrette, EUR 24.93,None,None,https://www.macys.com/shop/product/lonna-lilly-gold-tone-crystal-star-imitation-pearl-hair-barrette?ID=19105295
168, Heat Holders,Women's Alesund Cable-Knit Hat , EUR 29.91,None,4.625,https://www.macys.com/shop/product/heat-holders-womens-alesund-cable-knit-hat?ID=13253102
169, kate spade new york,Women's 32MM Reversible Belt, EUR 67.82,None,None,https://www.macys.com/shop/product/kate-spade-new-york-womens-32mm-reversible-belt?ID=19226595
170, PRADA,"Low Bridge Square Women's Sunglasses, PR 22ZSF", EUR 375.98,None,None,https://www.macys.com/shop/product/prada-low-bridge-square-womens-sunglasses-pr-22zsf?ID=16444250
171, I.N.C. International Concepts,"Sasha Satin Sparkle Clutch, Created for Macy's", EUR 79.28,None,4.6786,https://www.macys.com/shop/product/i.n.c.-international-concepts-sasha-satin-sparkle-clutch-created-for-macys?ID=14724534
172, Dorfman Pacific,Scala Grosgrain Ribbon Cloche, EUR 66.82,None,4.5556,https://www.macys.com/shop/product/scala-grosgrain-ribbon-cloche?ID=6750563
173, Giani Bernini,Women's Metallic Organza Evening Wrap,Sale  EUR 29.17,EUR 58.34,4.25,https://www.macys.com/shop/product/giani-bernini-womens-metallic-organza-evening-wrap?ID=17378282
174, Heat Holders,Women's Courtney Roll Up With Wispy Pom Hat , EUR 34.90,None,4.8,https://www.macys.com/shop/product/heat-holders-womens-courtney-roll-up-with-wispy-pom-hat?ID=13253076
175, Elizabetta,Fortuna - Silk Scarf/Shawl for Women, EUR 239.35,None,None,https://www.macys.com/shop/product/fortuna-silk-scarf-shawl-for-women?ID=20712013
176, MIU MIU,"NEW! Women's Sunglasses, MU 11WS", EUR 487.67,None,5,https://www.macys.com/shop/product/miu-miu-womens-sunglasses-mu-11ws?ID=19499931
177, kate spade new york,Women's Metallic Beanie & Scarf Boxed Gift Set, EUR 107.71,None,None,https://www.macys.com/shop/product/kate-spade-new-york-womens-metallic-beanie-scarf-boxed-gift-set?ID=18842962
178, kate spade new york,Women's Flourish Swirl Oblong Bandana, EUR 97.73,None,5,https://www.macys.com/shop/product/kate-spade-new-york-womens-flourish-swirl-oblong-bandana?ID=16659852
179, Adrianna Papell,Metallic Wrap Scarf, EUR 59.84,None,4.2169,https://www.macys.com/shop/product/adrianna-papell-metallic-wrap-scarf?ID=8054881
180, Lucky Brand,Lucky 1990 Embroidered Dad Hat, EUR 36.40,None,4.8571,https://www.macys.com/shop/product/lucky-brand-lucky-1990-embroidered-dad-hat?ID=15857574
181, Totes,Titan® Mini Umbrella, EUR 34.91,None,4.3818,https://www.macys.com/shop/product/totes-titan-mini-umbrella?ID=2908202
182, Burberry,NEW! Women's Sunglasses BE4441U, EUR 406.89,None,5,https://www.macys.com/shop/product/burberry-womens-sunglasses-be4441u?ID=19499964
183, Sam Edelman,Bianka Woven Frame Clutch, EUR 344.06,None,None,https://www.macys.com/shop/product/sam-edelman-bianka-woven-frame-clutch?ID=19227636
184, Cole Haan,Women's Knit-Panel Leather Gloves,Now  EUR 73.30,EUR 97.73,4.5,https://www.macys.com/shop/product/cole-haan-womens-knit-panel-leather-gloves?ID=18636024
185, Giani Bernini,Women's Chiffon-Band Panama Hat,Now  EUR 19.28,EUR 48.37,4.9,https://www.macys.com/shop/product/giani-bernini-womens-chiffon-band-panama-hat?ID=17384053
186, Heat Holders,Women's Nikki Cosy Ears Pom-Pom Hat, EUR 34.90,None,4.7609,https://www.macys.com/shop/product/heat-holders-womens-nikki-cosy-ears-pom-pom-hat?ID=16743390
187, kate spade new york,NEW! Women's Bow Rib Ruana Wrap, EUR 147.60,None,None,https://www.macys.com/shop/product/kate-spade-new-york-womens-bow-rib-ruana-wrap?ID=19767719
188, kate spade new york,Women's Spade Scarf, EUR 77.79,None,None,https://www.macys.com/shop/product/kate-spade-new-york-womens-spade-scarf?ID=18867551
189, Giani Bernini,Women's Satin Capelet Evening Wrap with Closure,Sale  EUR 29.17,EUR 58.34,3.95,https://www.macys.com/shop/product/giani-bernini-womens-satin-capelet-evening-wrap-with-closure?ID=15358216
190, KARL LAGERFELD PARIS,Women's Charm Denim Baseball Hat, EUR 57.84,None,None,https://www.macys.com/shop/product/karl-lagerfeld-paris-womens-charm-denim-baseball-hat?ID=19468717
191, Sam Edelman,Double-E Plaque Buckle Crocodile Textured Belt, EUR 59.84,None,5,https://www.macys.com/shop/product/sam-edelman-double-e-plaque-buckle-crocodile-textured-belt?ID=19036212
192, Heat Holders,Brina Solid Cable Knit Roll Up Pom-Pom Hat, EUR 22.93,None,4.6,https://www.macys.com/shop/product/heat-holders-brina-solid-cable-knit-roll-up-pom-pom-hat?ID=16758200
193, Cole Haan,Women's Reversible Fair Isle Mittens,Now  EUR 43.38,EUR 57.84,3,https://www.macys.com/shop/product/cole-haan-womens-reversible-fair-isle-mittens?ID=18635965
194, kate spade new york,Women's 25Mm Belt with Asymmetrical Buckle, EUR 57.84,None,4.5,https://www.macys.com/shop/product/kate-spade-new-york-womens-25mm-belt-with-asymmetrical-buckle?ID=17668882
195, Epoch Hats Company,Women's Duckbill Ivy Linen Cap, EUR 38.89,None,3.25,https://www.macys.com/shop/product/epoch-hats-company-womens-duckbill-ivy-linen-cap?ID=9481305
196, Burberry,Women's Sunglasses BE4441U, EUR 406.89,None,None,https://www.macys.com/shop/product/burberry-womens-sunglasses-be4441u?ID=19526570
197, Cole Haan,Women's Tech Tip Leather Gloves,Now  EUR 104.34,EUR 139.12,3.3333,https://www.macys.com/shop/product/cole-haan-womens-tech-tip-leather-gloves?ID=18636020
198, kate spade new york,Women's Fall Poppies Wool Oblong Scarf, EUR 177.52,None,None,https://www.macys.com/shop/product/kate-spade-new-york-womens-fall-poppies-wool-oblong-scarf?ID=18823612
199, Heat Holders,Women's Lyon Roll-Up Pom Pom Hat, EUR 19.94,None,4.5,https://www.macys.com/shop/product/heat-holders-womens-lyon-roll-up-pom-pom-hat?ID=16758205
200, I.N.C. International Concepts,"Women's Metallic Scarf, Created for Macy's",Now  EUR 15.29,EUR 38.40,3,https://www.macys.com/shop/product/i.n.c.-international-concepts-womens-metallic-scarf-created-for-macys?ID=17384278
201, Hunter,Women's Nylon Packable Bucket Hat, EUR 41.89,None,None,https://www.macys.com/shop/product/hunter-womens-nylon-packable-bucket-hat?ID=17467050
202, kate spade new york,Women's Bow Ribbed-Cuff Knit Beanie, EUR 67.82,None,4,https://www.macys.com/shop/product/kate-spade-new-york-womens-bow-ribbed-cuff-knit-beanie?ID=16424593
203, I.N.C. International Concepts,"Women's 2-Pc. Faux-Leather Belt Set, Created for Macy's",Sale  EUR 21.19,EUR 42.38,5,https://www.macys.com/shop/product/i.n.c.-international-concepts-womens-2-pc.-faux-leather-belt-set-created-for-macys?ID=19172872
204, kate spade new york,Women's Floral Medley Silk Square Scarf, EUR 87.76,None,None,https://www.macys.com/shop/product/kate-spade-new-york-womens-floral-medley-silk-square-scarf?ID=18513123
205, Dolce&Gabbana,DG5026 Women's Rectangle Eyeglasses, EUR 287.22,None,5,https://www.macys.com/shop/product/dolce-gabbana-dg5026-womens-rectangle-eyeglasses?ID=14411838
206, Brahmin,Charmaine Small Leather Cosmetic Case, EUR 184.50,None,4.8974,https://www.macys.com/shop/product/brahmin-charmaine-small-leather-cosmetic-case?ID=18499033
207, I.N.C. International Concepts,"Brynnn Bangle Clutch, Created for Macy's", EUR 79.28,None,4.6,https://www.macys.com/shop/product/i.n.c.-international-concepts-brynnn-bangle-clutch-created-for-macys?ID=16391526
208, 2028,Gold-tone Floral Etched Hair Barrette, EUR 44.88,None,5,https://www.macys.com/shop/product/2028-gold-tone-floral-etched-hair-barrette?ID=6813602
209, Sunday Afternoons,Latitude Hat, EUR 70.31,None,4.7552,https://www.macys.com/shop/product/sunday-afternoons-latitude-hat?ID=10274388
210, FRAAS,NEW! Tartan Boucle Oversized Wrap, EUR 84.27,None,5,https://www.macys.com/shop/product/fraas-tartan-boucle-oversized-wrap?ID=19803398
211, kate spade new york,Women's 19MM Bow Belt - Mirror Metallic, EUR 57.84,None,1,https://www.macys.com/shop/product/kate-spade-new-york-womens-19mm-bow-belt-mirror-metallic?ID=19226597
212, Bottega Veneta,"Women's Sunglasses, BV1005S", EUR 508.62,None,None,https://www.macys.com/shop/product/bottega-veneta-womens-sunglasses-bv1005s?ID=16444268
213, Vogue Eyewear,"Women's Sunglasses, VO5457S",Now  EUR 60.04,EUR 85.77,5,https://www.macys.com/shop/product/vogue-eyewear-womens-sunglasses-vo5457s?ID=16444254
214, Totes,3-Section Auto-Open Clear Umbrella, EUR 31.91,None,4.3953,https://www.macys.com/shop/product/totes-3-section-auto-open-clear-umbrella?ID=5832170
215, Holiday Lane,"Candy Oblong Scarf, Exclusively at Macy's ",Sale  EUR 17.95,EUR 35.90,None,https://www.macys.com/shop/product/holiday-lane-candy-oblong-scarf-exclusively-at-macys?ID=19621073
216, Sweet Peas,Baby Girls Rose Turban,Now  EUR 14.96  -,EUR 24.93,3,https://www.macys.com/shop/product/sweet-peas-baby-girls-rose-turban?ID=10210190
217, Kipling,Creativity X-Large Cosmetic Pouch,Sale  EUR 24.43,EUR 48.87,4.6,https://www.macys.com/shop/product/kipling-creativity-x-large-cosmetic-pouch?ID=16675209
218, Giani Bernini,Women's Chiffon-Band Panama Hat,Now  EUR 21.67,EUR 54.35,2.3333,https://www.macys.com/shop/product/giani-bernini-womens-chiffon-band-panama-hat?ID=17467296
219, kate spade new york,Women's Embellished Pop-Top Gloves, EUR 97.73,None,None,https://www.macys.com/shop/product/kate-spade-new-york-womens-embellished-pop-top-gloves?ID=18867535
220, kate spade new york,Women's Bow Knit Wool Gloves, EUR 77.79,None,None,https://www.macys.com/shop/product/kate-spade-new-york-womens-bow-knit-wool-gloves?ID=16424594
221, adidas,Women's Influencer 3 Hat, EUR 25.93,None,4.5455,https://www.macys.com/shop/product/adidas-womens-influencer-3-hat?ID=13394709
222, kate spade new york,Women's Bow Ribbed-Trim Knit Scarf, EUR 97.73,None,5,https://www.macys.com/shop/product/kate-spade-new-york-womens-bow-ribbed-trim-knit-scarf?ID=16424595
223, Sunday Afternoons,Garden Visor Hat, EUR 51.36,None,4.5439,https://www.macys.com/shop/product/sunday-afternoons-garden-visor-hat?ID=10042153
224, kate spade new york,NEW! Women's Space Dye Marl Beanie Hat, EUR 97.73,None,None,https://www.macys.com/shop/product/kate-spade-new-york-womens-space-dye-marl-beanie-hat?ID=19767720
225, I.N.C. International Concepts,"Women's Jungle-Print Oversized Square Scarf, Created for Macy's",Now  EUR 15.29,EUR 38.40,3.6667,https://www.macys.com/shop/product/i.n.c.-international-concepts-womens-jungle-print-oversized-square-scarf-created-for-macys?ID=17479602
226, Heat Holders,Alesund Hats, EUR 29.91,None,4.5217,https://www.macys.com/shop/product/heat-holders-alesund-hats?ID=8778171
227, PRADA,"Low Bridge Round Women's Sunglasses, PR 28ZS", EUR 515.60,None,4,https://www.macys.com/shop/product/prada-low-bridge-round-womens-sunglasses-pr-28zs?ID=16444253
228, Lucky Brand,Double Ring Genuine Leather Belt, EUR 49.37,None,3.25,https://www.macys.com/shop/product/lucky-brand-double-ring-genuine-leather-belt?ID=16073066
229, kate spade new york,Women's Space Dye Marl Scarf, EUR 127.65,None,None,https://www.macys.com/shop/product/kate-spade-new-york-womens-space-dye-marl-scarf?ID=18867528
230, PRADA,"Irregular Low Bridge Women's Sunglasses, PR 26ZSF", EUR 515.60,None,4.9091,https://www.macys.com/shop/product/prada-irregular-low-bridge-womens-sunglasses-pr-26zsf?ID=16444252
231, Totes,Titan® Auto Open Close Umbrella with NeverWet® , EUR 34.91,None,4.3924,https://www.macys.com/shop/product/totes-titan-auto-open-close-umbrella-with-neverwet?ID=2908203
232, Scala,Quilted Big Brim Rain Hat, EUR 68.81,None,5,https://www.macys.com/shop/product/scala-quilted-big-brim-rain-hat?ID=7986528
233, Frye,35mm Jeans Belt with Wide Loop, EUR 41.89,None,5,https://www.macys.com/shop/product/frye-35mm-jeans-belt-with-wide-loop?ID=17390829
234, Balenciaga,"Women's Sunglasses, BB0260S",Now  EUR 342.07  -,EUR 488.67,2,https://www.macys.com/shop/product/balenciaga-womens-sunglasses-bb0260s?ID=19499225
235, kate spade new york,Women's Embellished Beret Hat, EUR 87.76,None,None,https://www.macys.com/shop/product/kate-spade-new-york-womens-embellished-beret-hat?ID=19767722
236, Sam Edelman,Wide Width Double-E Loop Leather Belt , EUR 74.80,None,None,https://www.macys.com/shop/product/sam-edelman-wide-width-double-e-loop-leather-belt?ID=19036213
237, kate spade new york,Women's Solid Crochet Crushable Cloche, EUR 87.76,None,None,https://www.macys.com/shop/product/kate-spade-new-york-womens-solid-crochet-crushable-cloche?ID=16564637
238, kate spade new york,Women's Holiday Rooftops Oblong, EUR 97.73,None,None,https://www.macys.com/shop/product/kate-spade-new-york-womens-holiday-rooftops-oblong?ID=17900519
239, I.N.C. International Concepts,"Women's Snake-Embossed Faux-Leather Belt, Created for Macy's",Now  EUR 12.70,EUR 42.38,5,https://www.macys.com/shop/product/i.n.c.-international-concepts-womens-snake-embossed-faux-leather-belt-created-for-macys?ID=18836812
240, kate spade new york,Women's Spotted Haircalf Bow Belt , EUR 67.82,None,5,https://www.macys.com/shop/product/kate-spade-new-york-womens-spotted-haircalf-bow-belt?ID=16429892
241, kate spade new york,Women's Sam Wool Baseball Cap, EUR 77.79,None,None,https://www.macys.com/shop/product/kate-spade-new-york-womens-sam-wool-baseball-cap?ID=17826650
242, Brahmin,Snowflake Melbourne Leather Tassel, EUR 94.74,None,5,https://www.macys.com/shop/product/brahmin-snowflake-melbourne-leather-tassel?ID=20094331
243, Frye,Diamond-Embossed Leather Belt, EUR 57.84,None,None,https://www.macys.com/shop/product/frye-diamond-embossed-leather-belt?ID=12665510
244, Angela & William,Wool Blend Earflap Cap with Sherpa Lining, EUR 41.89,None,4.5385,https://www.macys.com/shop/product/angela-william-wool-blend-earflap-cap-with-sherpa-lining?ID=10476078
245, Ralph Lauren,"Women's Sunglasses, The Ricky II",Sale  EUR 188.29,EUR 235.36,None,https://www.macys.com/shop/product/ralph-lauren-womens-sunglasses-the-ricky-ii?ID=16371528
246, Tiffany & Co.,TF2175 Women's Square Eyeglasses, EUR 309.16,None,None,https://www.macys.com/shop/product/tiffany-co.-tf2175-womens-square-eyeglasses?ID=14411881
247, Style & Co,"Window Plaid Soft Topper, Created for Macy's",Sale  EUR 17.35,EUR 57.84,3,https://www.macys.com/shop/product/style-co-window-plaid-soft-topper-created-for-macys?ID=18678129
248, kate spade new york,Women's Embellished Beanie, EUR 97.73,None,5,https://www.macys.com/shop/product/kate-spade-new-york-womens-embellished-beanie?ID=16424596
249, KARL LAGERFELD PARIS,Women's St Tropez Karl Wrap, EUR 57.84,None,None,https://www.macys.com/shop/product/karl-lagerfeld-paris-womens-st-tropez-karl-wrap?ID=17625683
250, Sam Edelman,Women's Skinny Woven Embellished Belt, EUR 59.84,None,5,https://www.macys.com/shop/product/sam-edelman-womens-skinny-woven-embellished-belt?ID=17563891
251, Epoch Hats Company,Herringbone Wool Blend Glove, EUR 39.89,None,None,https://www.macys.com/shop/product/epoch-hats-company-herringbone-wool-blend-glove?ID=10476077
252, FRAAS,Women's Striped Fringe-Trim Scarf,Sale  EUR 28.92,EUR 57.84,None,https://www.macys.com/shop/product/fraas-womens-striped-fringe-trim-scarf?ID=18665821
253, kate spade new york,Women's 19mm Bow Belt, EUR 57.84,None,None,https://www.macys.com/shop/product/kate-spade-new-york-womens-19mm-bow-belt?ID=17851077
254, Giani Bernini,Women's Open Inset Band Straw Cloche Hat,Now  EUR 19.28,EUR 48.37,4.037,https://www.macys.com/shop/product/giani-bernini-womens-open-inset-band-straw-cloche-hat?ID=15342426
255, Totes,Women's Water-Repellent Pack-able Rain Poncho, EUR 47.87,None,3.7568,https://www.macys.com/shop/product/totes-womens-water-repellent-pack-able-rain-poncho?ID=5887237
256, Heat Holders,Women's Marseille Ribbed Roll-Up Pom-Pom Hat, EUR 19.94,None,3.4,https://www.macys.com/shop/product/heat-holders-womens-marseille-ribbed-roll-up-pom-pom-hat?ID=16758217
257, Frye,15mm Flat Strap with Tooling, EUR 47.87,None,2,https://www.macys.com/shop/product/frye-15mm-flat-strap-with-tooling?ID=17390848
258, FRAAS,Women's Houndstooth Fringe-Trim Scarf,Sale  EUR 28.92,EUR 57.84,None,https://www.macys.com/shop/product/fraas-womens-houndstooth-fringe-trim-scarf?ID=18665827
259, Swarovski,NEW! Women's Sunglasses SK7003, EUR 265.28,None,5,https://www.macys.com/shop/product/swarovski-womens-sunglasses-sk7003?ID=19499997
260, Balenciaga,"Women's Sunglasses, BB0256S",Sale  EUR 319.13,EUR 638.26,None,https://www.macys.com/shop/product/balenciaga-womens-sunglasses-bb0256s?ID=19501836
261, Epoch Hats Company,Cowboy Hat with Trim Band and Studs, EUR 65.82,None,4.2308,https://www.macys.com/shop/product/epoch-hats-company-cowboy-hat-with-trim-band-studs?ID=9481297
262, Frye and Co.,Fair Isle Gloves, EUR 57.84,None,None,https://www.macys.com/shop/product/frye-co.-fair-isle-gloves?ID=20227690
263, Sunday Afternoons,Charter Escape Hat, EUR 82.77,None,4.8235,https://www.macys.com/shop/product/sunday-afternoons-charter-escape-hat?ID=10234824
264, Dolce&Gabbana,"Women's Sunglasses, DG4414",Now  EUR 253.41,EUR 362.02,None,https://www.macys.com/shop/product/dolce-gabbana-womens-sunglasses-dg4414?ID=15178365
265, kate spade new york,Velvet Bow Arm Warmers, EUR 87.76,None,None,https://www.macys.com/shop/product/kate-spade-new-york-velvet-bow-arm-warmers?ID=18867541
266, adidas,Performance Soccer Hat, EUR 27.92,None,4.8,https://www.macys.com/shop/product/adidas-performance-soccer-hat?ID=18635342
267, kate spade new york,Women's 19mm Bow Belt, EUR 57.84,None,1,https://www.macys.com/shop/product/kate-spade-new-york-womens-19mm-bow-belt?ID=18174828
268, Frye and Co.,Ruana, EUR 97.73,None,None,https://www.macys.com/shop/product/frye-co.-ruana?ID=20227685
269, Betsey Johnson,Metal Bow Clutch, EUR 97.73,None,3,https://www.macys.com/shop/product/betsey-johnson-metal-bow-clutch?ID=20299460
270, kate spade new york,NEW! Women's Metallic Beani Hat, EUR 57.84,None,None,https://www.macys.com/shop/product/kate-spade-new-york-womens-metallic-beani-hat?ID=19767731
271, Lucky Brand,Clover Patch Trucker Hat, EUR 34.41,None,3,https://www.macys.com/shop/product/lucky-brand-clover-patch-trucker-hat?ID=15857577
272, kate spade new york,Women's Velvet Bow Cable Knit Beanie, EUR 87.76,None,None,https://www.macys.com/shop/product/kate-spade-new-york-womens-velvet-bow-cable-knit-beanie?ID=18867527
273, KARL LAGERFELD PARIS,Women's Postage Stamp Wrap, EUR 57.84,None,None,https://www.macys.com/shop/product/karl-lagerfeld-paris-womens-postage-stamp-wrap?ID=17625685
274, Vogue Eyewear,"Women's Polarized Sunglasses, VO5457S", EUR 105.71,None,5,https://www.macys.com/shop/product/vogue-eyewear-womens-polarized-sunglasses-vo5457s?ID=16444255
275, Frye and Co.,Fair Isle Scarf, EUR 77.79,None,None,https://www.macys.com/shop/product/frye-co.-fair-isle-scarf?ID=20227687
276, Lucky Brand,Women's Vintage Embroidered Baseball Cap, EUR 34.41,None,None,https://www.macys.com/shop/product/lucky-brand-womens-vintage-embroidered-baseball-cap?ID=17988976
277, kate spade new york,Women's 19mm Bow Belt, EUR 57.84,None,5,https://www.macys.com/shop/product/kate-spade-new-york-womens-19mm-bow-belt?ID=19438033
278, kate spade new york,NEW! Women's Metallic Beanie Hat, EUR 57.84,None,None,https://www.macys.com/shop/product/kate-spade-new-york-womens-metallic-beanie-hat?ID=19767730
279, Lucky Brand,Vintage-Like Lucky Brand Trucker Hat, EUR 34.41,None,None,https://www.macys.com/shop/product/lucky-brand-vintage-like-lucky-brand-trucker-hat?ID=15857575
280, Sweet Peas,Toddler Girls Knot Turban, EUR 24.93,None,None,https://www.macys.com/shop/product/sweet-peas-toddler-girls-knot-turban?ID=10210101
281, 2028,Silver-Tone Crystal Small Barrette, EUR 47.87,None,None,https://www.macys.com/shop/product/2028-silver-tone-crystal-small-barrette?ID=6813604
282, kate spade new york,Women's KS Mini Golf Silk Square Scarf, EUR 87.76,None,5,https://www.macys.com/shop/product/kate-spade-new-york-womens-ks-mini-golf-silk-square-scarf?ID=17570271
283, kate spade new york,Women's Crossing Silk Square Scarf, EUR 87.76,None,None,https://www.macys.com/shop/product/kate-spade-new-york-womens-crossing-silk-square-scarf?ID=19216512
284, I.N.C. International Concepts,"Acrylic Sparkle Mini Crossbody Clutch, Created for Macy's ", EUR 99.23,None,None,https://www.macys.com/shop/product/i.n.c.-international-concepts-acrylic-sparkle-mini-crossbody-clutch-created-for-macys?ID=18755581
285, Frye,45mm Smooth Panel with Floral Buckle, EUR 47.87,None,None,https://www.macys.com/shop/product/frye-45mm-smooth-panel-with-floral-buckle?ID=17390830
286, Sunday Afternoons,Cayman Hat, EUR 48.87,None,4.4792,https://www.macys.com/shop/product/sunday-afternoons-cayman-hat?ID=10274451
287, Cole Haan,Women's Woven Plaid Scarf,Now  EUR 65.82,EUR 87.76,None,https://www.macys.com/shop/product/cole-haan-womens-woven-plaid-scarf?ID=18635969
288, Lucky Brand,Women's Print Trucker Cap, EUR 36.40,None,None,https://www.macys.com/shop/product/lucky-brand-womens-print-trucker-cap?ID=17988977
289, Sunday Afternoons,Sun Haven Hat, EUR 57.34,None,4.3333,https://www.macys.com/shop/product/sunday-afternoons-sun-haven-hat?ID=10042161
290, kate spade new york,NEW! Women's Metallic Beanie Hat, EUR 57.84,None,None,https://www.macys.com/shop/product/kate-spade-new-york-womens-metallic-beanie-hat?ID=19767732
291, Ray-Ban,RX5268 Unisex Rectangle Eyeglasses, EUR 165.55,None,3.7273,https://www.macys.com/shop/product/ray-ban-rx5268-unisex-rectangle-eyeglasses?ID=12160028
292, Sunday Afternoons,Aero Visor, EUR 45.88,None,4.7612,https://www.macys.com/shop/product/sunday-afternoons-aero-visor?ID=10274477
293, Tiffany & Co.,TF2160B Women's Square Eyeglasses, EUR 425.84,None,4.52,https://www.macys.com/shop/product/tiffany-co.-tf2160b-womens-square-eyeglasses?ID=14411879
294, Simply Natural,Women's Alpaca-Wool Double Face Reversible Scarf, EUR 119.66,None,5,https://www.macys.com/shop/product/simply-natural-womens-alpaca-wool-double-face-reversible-scarf?ID=10015472
295, Balenciaga,"Women's Sunglasses, BB0260S",Now  EUR 342.07,EUR 488.67,2.6667,https://www.macys.com/shop/product/balenciaga-womens-sunglasses-bb0260s?ID=16444266
296, Sunday Afternoons,Luna Hat, EUR 54.35,None,4.9062,https://www.macys.com/shop/product/sunday-afternoons-luna-hat?ID=10042144
297, Versace,"Women's Sunglasses, VE4405 ", EUR 304.17,None,5,https://www.macys.com/shop/product/versace-womens-sunglasses-ve4405?ID=14071419
298, 2028,Silver-Tone Black Stones Oval Barrette, EUR 44.88,None,None,https://www.macys.com/shop/product/2028-silver-tone-black-stones-oval-barrette?ID=9350977
299, Simply Natural,Women's Alpaca Triangle Shawl with Fringe, EUR 164.54,None,4.5,https://www.macys.com/shop/product/simply-natural-womens-alpaca-triangle-shawl-with-fringe?ID=10480719
300, Holiday Lane,"Santa Hat Highland Cow Pin, Created for Macy's",Now  EUR 8.81,EUR 29.42,4.5556,https://www.macys.com/shop/product/holiday-lane-santa-hat-highland-cow-pin-created-for-macys?ID=18288049
301, 2028,Silver-Tone Crystal Filigree Bar Barrette, EUR 33.91,None,1,https://www.macys.com/shop/product/2028-silver-tone-crystal-filigree-bar-barrette?ID=6813606
302, Simply Natural,Women's Shawl Collar Doris Alpaca Cape, EUR 269.26,None,4,https://www.macys.com/shop/product/simply-natural-womens-shawl-collar-doris-alpaca-cape?ID=10480717
303, Ray-Ban,"Unisex Polarized Disney Sunglasses, New Wayfarer The Little Mermaid RB2132", EUR 272.26,None,5,https://www.macys.com/shop/product/ray-ban-unisex-polarized-disney-sunglasses-new-wayfarer-the-little-mermaid-rb2132?ID=16441593
304, Balenciaga,"Unisex Sunglasses, BB0251S",Sale  EUR 546.51,EUR 683.14,None,https://www.macys.com/shop/product/balenciaga-unisex-sunglasses-bb0251s?ID=16444262
305, Sweet Peas,Toddler Girls Bow Turban, EUR 24.93,None,5,https://www.macys.com/shop/product/sweet-peas-toddler-girls-bow-turban?ID=10210110
306, Ray-Ban,"Unisex Sunglasses, New Clubmaster RB4416 ", EUR 179.51,None,4.25,https://www.macys.com/shop/product/ray-ban-unisex-sunglasses-new-clubmaster-rb4416?ID=14656064
307, Giani Bernini,Women's Signature Logo Square Scarf,Sale  EUR 19.20,EUR 38.40,3.6923,https://www.macys.com/shop/product/giani-bernini-womens-signature-logo-square-scarf?ID=13618814
308, Heat Holders,Paris Purl Stitch Pom-Pom Hat, EUR 19.94,None,4.3333,https://www.macys.com/shop/product/heat-holders-paris-purl-stitch-pom-pom-hat?ID=16758218
309, Nina,Crystal Chain Slim Envelope Clutch, EUR 97.73,None,None,https://www.macys.com/shop/product/nina-crystal-chain-slim-envelope-clutch?ID=19134618
310, Ray-Ban,NEW CLUBMASTER RB4416 , EUR 194.47,None,None,https://www.macys.com/shop/product/ray-ban-new-clubmaster-rb4416?ID=18240916
311, kate spade new york,Women's Taxi Checkboard Mittens, EUR 57.84,None,None,https://www.macys.com/shop/product/kate-spade-new-york-womens-taxi-checkboard-mittens?ID=18867539
312, kate spade new york,Women's Classic Leopard Quilted Bucket Hat, EUR 87.76,None,None,https://www.macys.com/shop/product/kate-spade-new-york-womens-classic-leopard-quilted-bucket-hat?ID=19767728
313, Puma,Men's Six Panel Performance Logo Cap, EUR 24.93,None,2.75,https://www.macys.com/shop/product/puma-mens-six-panel-performance-logo-cap?ID=15406674
314, Balenciaga,"Women's Sunglasses, BB0258S",Sale  EUR 244.34,EUR 488.67,None,https://www.macys.com/shop/product/balenciaga-womens-sunglasses-bb0258s?ID=19499638
315, kate spade new york,Women's Brushstroke Hearts Oblong Scarf, EUR 97.73,None,None,https://www.macys.com/shop/product/kate-spade-new-york-womens-brushstroke-hearts-oblong-scarf?ID=16702053
316, Totes,Water Repellent Auto Open Close Sunguard Umbrella, EUR 31.91,None,3.8462,https://www.macys.com/shop/product/totes-water-repellent-auto-open-close-sunguard-umbrella?ID=2908189
317, 2028,Silver-Tone Hair Barrette with Scroll Design, EUR 33.91,None,3,https://www.macys.com/shop/product/2028-silver-tone-hair-barrette-with-scroll-design?ID=6813601
318, Peter Grimm,Coralia Wide Brim Sun Hat, EUR 39.89,None,5,https://www.macys.com/shop/product/peter-grimm-coralia-wide-brim-sun-hat?ID=19422398
319, Sunday Afternoons,Wool Felt Vivian Hat, EUR 91.75,None,4.9167,https://www.macys.com/shop/product/sunday-afternoons-wool-felt-vivian-hat?ID=10042198
320, Epoch Hats Company,Angela & William Braid Natural Straw Women's Boater Hat, EUR 59.84,None,3.6,https://www.macys.com/shop/product/angela-william-braid-natural-straw-womens-boater-hat?ID=9481304
321, Sunday Afternoons,Kauai Hat, EUR 57.34,None,4.6333,https://www.macys.com/shop/product/sunday-afternoons-kauai-hat?ID=10042147
322, Frye and Co.,Cable Scarf, EUR 77.79,None,None,https://www.macys.com/shop/product/frye-co.-cable-scarf?ID=20227694
323, adidas,Women's Embroidered Logo Mesh Trucker Hat, EUR 23.93,None,4.7419,https://www.macys.com/shop/product/adidas-womens-embroidered-logo-mesh-trucker-hat?ID=14625323
324, Sweet Peas,Baby Girls Knot Turban, EUR 24.93,None,None,https://www.macys.com/shop/product/sweet-peas-baby-girls-knot-turban?ID=10210170
325, Holiday Lane,"Boston Terrier Hat Pin, Created for Macy's",Now  EUR 8.81,EUR 29.42,5,https://www.macys.com/shop/product/holiday-lane-boston-terrier-hat-pin-created-for-macys?ID=18288057
326, Marmot,Women's Snoasis Ribbed-Cuff Pom Pom Beanie, EUR 29.92,None,4.6667,https://www.macys.com/shop/product/marmot-womens-snoasis-ribbed-cuff-pom-pom-beanie?ID=16770739
327, Sunday Afternoons,Athena Hat, EUR 63.33,None,4.5714,https://www.macys.com/shop/product/sunday-afternoons-athena-hat?ID=19286130
328, Sunday Afternoons,Lanai Hat, EUR 54.35,None,4.84,https://www.macys.com/shop/product/sunday-afternoons-lanai-hat?ID=10042126
329, Ray-Ban,"New Clubmaster Polarized Sunglasses, RB4416", EUR 264.28,None,5,https://www.macys.com/shop/product/new-clubmaster-polarized-sunglasses-rb4416?ID=15925936
330, TSD BRAND,Turtle Ridge Zip Top Toiletry Bag, EUR 39.89,None,None,https://www.macys.com/shop/product/tsd-brand-turtle-ridge-zip-top-toiletry-bag?ID=20388206
331, lonna & lilly,4-Pc. Gold-Tone Pavé Star & Bead Bobby Pin Set, EUR 24.93,None,None,https://www.macys.com/shop/product/lonna-lilly-4-pc.-gold-tone-pave-star-bead-bobby-pin-set?ID=19097006
332, 2028,Silver-Tone Barrette with Leaf Motifs, EUR 33.91,None,None,https://www.macys.com/shop/product/2028-silver-tone-barrette-with-leaf-motifs?ID=6813594
333, Kipling,Freedom Pencil Case, EUR 28.92,None,4.2,https://www.macys.com/shop/product/kipling-freedom-pencil-case?ID=16988620
334, Marmot,Women's Fuzzy Gloves , EUR 44.88,None,None,https://www.macys.com/shop/product/marmot-womens-fuzzy-gloves?ID=19567358
335, lonna & lilly,2-Pc. Gold-Tone Crystal & Gypsum Flower Bobby Pin Set , EUR 24.93,None,None,https://www.macys.com/shop/product/lonna-lilly-2-pc.-gold-tone-crystal-gypsum-flower-bobby-pin-set?ID=19105296
336, PRADA,"Low Bridge Square Women's Sunglasses, PR 22ZSF", EUR 425.84,None,None,https://www.macys.com/shop/product/prada-low-bridge-square-womens-sunglasses-pr-22zsf?ID=16444249
337, Balenciaga,"Unisex Sunglasses, BB0253S",Now  EUR 408.39,EUR 583.41,None,https://www.macys.com/shop/product/balenciaga-unisex-sunglasses-bb0253s?ID=19501002
338, Heat Holders,Women's Neck Warmer, EUR 29.91,None,4.6967,https://www.macys.com/shop/product/heat-holders-womens-neck-warmer?ID=13253184
339, Lucky Brand,Oval Clover Patch Trucker Hat, EUR 36.40,None,5,https://www.macys.com/shop/product/lucky-brand-oval-clover-patch-trucker-hat?ID=15857578
340, TSD BRAND,Urban Light Zip Top Toiletry Bag, EUR 34.91,None,None,https://www.macys.com/shop/product/tsd-brand-urban-light-zip-top-toiletry-bag?ID=20388188
341, Kipling,Freedom Pencil Case, EUR 33.91,None,4,https://www.macys.com/shop/product/kipling-freedom-pencil-case?ID=17008031
342, Pendleton,Men's Solid Beanie, EUR 24.43,None,5,https://www.macys.com/shop/product/pendleton-mens-solid-beanie?ID=12131305
343, Brahmin,Leather Conditioner , EUR 19.95,None,4.9051,https://www.macys.com/shop/product/brahmin-leather-conditioner?ID=3822637
344, Kipling,Freedom Pencil Case, EUR 33.91,None,None,https://www.macys.com/shop/product/kipling-freedom-pencil-case?ID=20702947
345, I.N.C. International Concepts,"Women's Shimmer Wrap Scarf, Created for Macy's", EUR 38.40,None,2.5,https://www.macys.com/shop/product/i.n.c.-international-concepts-womens-shimmer-wrap-scarf-created-for-macys?ID=18801518
346, lonna & lilly,Gold-Tone Crystal & Glitter Tulle Bow Hair Barrette, EUR 24.93,None,None,https://www.macys.com/shop/product/lonna-lilly-gold-tone-crystal-glitter-tulle-bow-hair-barrette?ID=19105294
347, kate spade new york,Martini Geo Silk Bandana, EUR 47.87,None,5,https://www.macys.com/shop/product/kate-spade-new-york-martini-geo-silk-bandana?ID=16259126
348, Oakley,Unisex O-Frame® 2.0 PRO Snow Goggles, EUR 63.83,None,None,https://www.macys.com/shop/product/oakley-unisex-o-frame-2.0-pro-snow-goggles?ID=13175602
349, Sunday Afternoons,Rambler Hat, EUR 94.24,None,4.7273,https://www.macys.com/shop/product/sunday-afternoons-rambler-hat?ID=10234835
350, kate spade new york,NEW! Women's Embellished Beanie Hat, EUR 97.73,None,None,https://www.macys.com/shop/product/kate-spade-new-york-womens-embellished-beanie-hat?ID=19767724
351, Holiday Lane,"Gold-Tone North Pole Pin, Created for Macy's",Now  EUR 8.81,EUR 29.42,4,https://www.macys.com/shop/product/holiday-lane-gold-tone-north-pole-pin-created-for-macys?ID=18288055
352, Costa Del Mar,"Unisex Polarized Sunglasses, Clemente 6S9125", EUR 236.36,None,None,https://www.macys.com/shop/product/costa-del-mar-unisex-polarized-sunglasses-clemente-6s9125?ID=19526567
353, Sweet Peas,Toddler Girls Rose Turban, EUR 24.93,None,None,https://www.macys.com/shop/product/sweet-peas-toddler-girls-rose-turban?ID=10210115
354, Peter Grimm,Gransee Fedora, EUR 59.84,None,None,https://www.macys.com/shop/product/peter-grimm-gransee-fedora?ID=7747628
355, Epoch Hats Company,Angela & William Raffia Roll Up Brim Sun Cloche Hat, EUR 83.77,None,3.5,https://www.macys.com/shop/product/angela-william-raffia-roll-up-brim-sun-cloche-hat?ID=9481287
356, Lucky Brand,Women's Vintage Embroidered Baseball Cap, EUR 34.41,None,None,https://www.macys.com/shop/product/lucky-brand-womens-vintage-embroidered-baseball-cap?ID=17988978
357, Balenciaga,"Women's Sunglasses, BB0256S",Sale  EUR 319.13,EUR 638.26,None,https://www.macys.com/shop/product/balenciaga-womens-sunglasses-bb0256s?ID=16444265
358, Epoch Hats Company,Angela & William American Flag Cowboy Hat with Eagle, EUR 65.82,None,None,https://www.macys.com/shop/product/angela-william-american-flag-cowboy-hat-with-eagle?ID=9481292
359, kate spade new york,Women's Triangle Silk Bandana, EUR 47.87,None,None,https://www.macys.com/shop/product/kate-spade-new-york-womens-triangle-silk-bandana?ID=16659786
360, adidas,Women's Saturday 2.0 Graphic Hat, EUR 25.93,None,5,https://www.macys.com/shop/product/adidas-womens-saturday-2.0-graphic-hat?ID=16360171
361, 2028,Silver-Tone Crystal Bobby Pin Set, EUR 47.87,None,5,https://www.macys.com/shop/product/2028-silver-tone-crystal-bobby-pin-set?ID=6813605
362, Sunday Afternoons,Clear Creek Boonie Hat, EUR 65.82,None,4.6562,https://www.macys.com/shop/product/sunday-afternoons-clear-creek-boonie-hat?ID=19298064
363, Brahmin,Leather Circle Coin Purse, EUR 74.80,None,4.4,https://www.macys.com/shop/product/brahmin-leather-circle-coin-purse?ID=18159830
364, Marmot,Women's Ridgefield Ribbed Cuffed Beanie, EUR 29.92,None,3.6667,https://www.macys.com/shop/product/marmot-womens-ridgefield-ribbed-cuffed-beanie?ID=16770741
365, Sunday Afternoons,Islander, EUR 77.29,None,4.5405,https://www.macys.com/shop/product/sunday-afternoons-islander?ID=10234827
366, Epoch Hats Company,Angela & William Black American Flag Cowboy Hat with Star Studs, EUR 65.82,None,5,https://www.macys.com/shop/product/angela-william-black-american-flag-cowboy-hat-with-star-studs?ID=9481293
367, kate spade new york,Women's Imitation Pearl Chain Belt, EUR 127.65,None,None,https://www.macys.com/shop/product/kate-spade-new-york-womens-imitation-pearl-chain-belt?ID=17830247
368, Peter Grimm,Depp Fedora, EUR 39.89,None,None,https://www.macys.com/shop/product/peter-grimm-depp-fedora?ID=7747592
369, Token,Leather IPhone Case, EUR 47.87,None,None,https://www.macys.com/shop/product/token-leather-iphone-case?ID=9992093
370, Sunday Afternoons,Daydream Bucket Hat, EUR 63.33,None,4.3529,https://www.macys.com/shop/product/sunday-afternoons-daydream-bucket-hat?ID=19286129
371, MIU MIU,"NEW! Women's Sunglasses, MU 01YS", EUR 487.67,None,5,https://www.macys.com/shop/product/miu-miu-womens-sunglasses-mu-01ys?ID=19500963
372, adidas,Unisex Relaxed Logo Soccer Hat, EUR 25.93,None,4.5833,https://www.macys.com/shop/product/adidas-unisex-relaxed-logo-soccer-hat?ID=19133582
373, kate spade new york,Women's Alexander Girard Love Silk Square Bandana, EUR 87.76,None,None,https://www.macys.com/shop/product/kate-spade-new-york-womens-alexander-girard-love-silk-square-bandana?ID=16659809
374, Sunday Afternoons,Wool Felt Fedora, EUR 102.72,None,4.5938,https://www.macys.com/shop/product/sunday-afternoons-wool-felt-fedora?ID=10042195
375, PRADA,"Low Bridge Round Women's Sunglasses, PR 28ZS", EUR 515.60,None,None,https://www.macys.com/shop/product/prada-low-bridge-round-womens-sunglasses-pr-28zs?ID=16449716
376, First Impressions,"Baby Girls Headbands, Pack of 3, Created for Macy's", EUR 27.92,None,4.7317,https://www.macys.com/shop/product/first-impressions-baby-girls-headbands-pack-of-3-created-for-macys?ID=2943358
377, Peter Grimm,Depp Fedora, EUR 39.89,None,None,https://www.macys.com/shop/product/peter-grimm-depp-fedora?ID=7747593
378, Peter Grimm,Gransee Fedora, EUR 59.84,None,None,https://www.macys.com/shop/product/peter-grimm-gransee-fedora?ID=7747630
379, '47 Brand,Women's Tan Las Vegas Raiders Vibe Check Clean Up Adjustable Hat, EUR 31.90,None,None,https://www.macys.com/shop/product/47-brand-womens-tan-las-vegas-raiders-vibe-check-clean-up-adjustable-hat?ID=20714580
380, kate spade new york,Women's Acrobat Plaid Wool Square, EUR 117.68,None,None,https://www.macys.com/shop/product/kate-spade-new-york-womens-acrobat-plaid-wool-square?ID=17827508
381, Peter Grimm,Depp Fedora, EUR 39.89,None,None,https://www.macys.com/shop/product/peter-grimm-depp-fedora?ID=7747598
382, Totes,SunGuard® Auto Open Close Umbrella with NeverWet®, EUR 28.92,None,4.5,https://www.macys.com/shop/product/totes-sunguard-auto-open-close-umbrella-with-neverwet?ID=2908197
383, Manhattan Portage,Harbor Smartphone Case, EUR 87.76,None,None,https://www.macys.com/shop/product/manhattan-portage-harbor-smartphone-case?ID=10590584
384, Epoch Hats Company,Angela & William Cowboy Hat with Trim Band and Studs, EUR 65.82,None,5,https://www.macys.com/shop/product/angela-william-cowboy-hat-with-trim-band-studs?ID=9481289
385, New Era,Women's Brown New York Mets Vintage Deco 9TWENTY Adjustable Hat, EUR 31.90,None,None,https://www.macys.com/shop/product/new-era-womens-brown-new-york-mets-vintage-deco-9twenty-adjustable-hat?ID=20428945
386, kate spade new york,NEW! Women's Space Dye Marl Scarf, EUR 127.65,None,None,https://www.macys.com/shop/product/kate-spade-new-york-womens-space-dye-marl-scarf?ID=19767721
387, Peter Grimm,Depp Fedora, EUR 39.89,None,None,https://www.macys.com/shop/product/peter-grimm-depp-fedora?ID=7747610
388, kate spade new york,NEW! Women's Logo Scarf, EUR 127.65,None,None,https://www.macys.com/shop/product/kate-spade-new-york-womens-logo-scarf?ID=19767726
389, Rip Curl,Rip Juniors' Curl Mixed Straw Sun Hat, EUR 39.84,None,None,https://www.macys.com/shop/product/rip-juniors-curl-mixed-straw-sun-hat?ID=18141805
390, Marmot,Men's Summit Beanie, EUR 29.92,None,5,https://www.macys.com/shop/product/marmot-mens-summit-beanie?ID=14579788
391, Sunday Afternoons,Artist Series Trucker Cap, EUR 51.36,None,4.9778,https://www.macys.com/shop/product/sunday-afternoons-artist-series-trucker-cap?ID=10234822
392, Token,"Crosstown 11"" Laptop Sleeve", EUR 59.84,None,None,https://www.macys.com/shop/product/token-crosstown-11-laptop-sleeve?ID=9992057
393, Token,"Crosstown 11"" Laptop Sleeve", EUR 71.80,None,None,https://www.macys.com/shop/product/token-crosstown-11-laptop-sleeve?ID=9992058
394, Peter Grimm,Shoal Lifeguard Hat, EUR 49.86,None,None,https://www.macys.com/shop/product/peter-grimm-shoal-lifeguard-hat?ID=7747588
395, LensCrafters,EC2002 Unisex Square Eyeglasses, EUR 94.74,None,None,https://www.macys.com/shop/product/lenscrafters-ec2002-unisex-square-eyeglasses?ID=12361351
396, Peter Grimm,Depp Fedora, EUR 39.89,None,None,https://www.macys.com/shop/product/peter-grimm-depp-fedora?ID=7747612
397, Balenciaga,"Unisex Sunglasses, BB0277S",Now  EUR 342.07,EUR 488.67,None,https://www.macys.com/shop/product/balenciaga-unisex-sunglasses-bb0277s?ID=16444260
398, Epoch Hats Company,Stars & Stripes American Flag Cowboy Hat, EUR 59.84,None,3.6667,https://www.macys.com/shop/product/epoch-hats-company-stars-stripes-american-flag-cowboy-hat?ID=9481288
399, Epoch Hats Company,Raffia Straw Raw Edge Floppy Hat, EUR 68.81,None,5,https://www.macys.com/shop/product/epoch-hats-company-raffia-straw-raw-edge-floppy-hat?ID=9481300
400, Ray-Ban,"Unisex Polarized Sunglasses, Wayfarer RB2140", EUR 229.38,None,5,https://www.macys.com/shop/product/ray-ban-unisex-polarized-sunglasses-wayfarer-rb2140?ID=16029783
401, Sunday Afternoons,Sun Guardian, EUR 48.87,None,4.3784,https://www.macys.com/shop/product/sunday-afternoons-sun-guardian?ID=10237417
402, Frye and Co.,Southwestern Printed Scarf, EUR 77.79,None,None,https://www.macys.com/shop/product/frye-co.-southwestern-printed-scarf?ID=20227693
403, Peter Grimm,Gransee Fedora, EUR 59.84,None,None,https://www.macys.com/shop/product/peter-grimm-gransee-fedora?ID=7747631
404, Marmot,Women's Alpine Soft Mesh Trucker Hat, EUR 34.91,None,5,https://www.macys.com/shop/product/marmot-womens-alpine-soft-mesh-trucker-hat?ID=17781337
405, kate spade new york,Women's Traffic Sign Beanie, EUR 87.76,None,None,https://www.macys.com/shop/product/kate-spade-new-york-womens-traffic-sign-beanie?ID=18867537
406, Peter Grimm,Depp Fedora, EUR 39.89,None,None,https://www.macys.com/shop/product/peter-grimm-depp-fedora?ID=7747595
407, Peter Grimm,Depp Fedora, EUR 39.89,None,None,https://www.macys.com/shop/product/peter-grimm-depp-fedora?ID=7747609
408, Peter Grimm,Depp Fedora, EUR 39.89,None,None,https://www.macys.com/shop/product/peter-grimm-depp-fedora?ID=7747599
409, Token,Grand Central Waxed Travel Kit, EUR 41.89,None,None,https://www.macys.com/shop/product/token-grand-central-waxed-travel-kit?ID=9992208
410, adidas,Women's Mesh Trucker Hat, EUR 23.93,None,None,https://www.macys.com/shop/product/adidas-womens-mesh-trucker-hat?ID=17431142
411, '47 Brand,Women's White Dallas Cowboys Miata Clean Up Adjustable Hat, EUR 31.90,None,None,https://www.macys.com/shop/product/womens-white-dallas-cowboys-miata-clean-up-adjustable-hat?ID=13294596
412, Peter Grimm,Depp Fedora, EUR 39.89,None,None,https://www.macys.com/shop/product/peter-grimm-depp-fedora?ID=7747607
413, Epoch Hats Company,Cowboy Hat with Floral Trim Band and Stud, EUR 65.82,None,None,https://www.macys.com/shop/product/epoch-hats-company-cowboy-hat-with-floral-trim-band-stud?ID=9481294
414, '47 Brand,Women's Navy Dallas Cowboys Miata Clean Up Adjustable Hat, EUR 31.90,None,None,https://www.macys.com/shop/product/womens-navy-dallas-cowboys-miata-clean-up-adjustable-hat?ID=13279665
415, Epoch Hats Company,Angela & William Cowboy Hat with Eagle Badge and American Flag Band, EUR 65.82,None,None,https://www.macys.com/shop/product/angela-william-cowboy-hat-with-eagle-badge-american-flag-band?ID=9481298
416, New Era,NEW! Women's Stone San Francisco 49ers Trendy Tone Cuffed Knit Hat with Pom, EUR 34.90,None,None,https://www.macys.com/shop/product/new-era-womens-stone-san-francisco-49ers-trendy-tone-cuffed-knit-hat-with-pom?ID=18165525
417, First Impressions,Baby Girls 3 Piece Headband Set  , EUR 27.92,None,4.2,https://www.macys.com/shop/product/first-impressions-baby-girls-3-piece-headband-set?ID=8844306
418, Peter Grimm,Depp Fedora, EUR 39.89,None,None,https://www.macys.com/shop/product/peter-grimm-depp-fedora?ID=7747605
419, New Era,Women's Black Jacksonville Jaguars Core Classic Primary 9TWENTY Adjustable Hat, EUR 29.91,None,None,https://www.macys.com/shop/product/womens-black-jacksonville-jaguars-core-classic-primary-9twenty-adjustable-hat?ID=13087380
420, New Era,NEW! Women's Tan USWNT Cuffed Knit Hat with Pom, EUR 33.90,None,None,https://www.macys.com/shop/product/new-era-womens-tan-uswnt-cuffed-knit-hat-with-pom?ID=20808261
421, Heat Holders,Men's Roll Up Hats, EUR 30.92,None,4.7053,https://www.macys.com/shop/product/heat-holders-mens-roll-up-hats?ID=8778157
422, Peter Grimm,Depp Fedora, EUR 39.89,None,None,https://www.macys.com/shop/product/peter-grimm-depp-fedora?ID=7747604
423, '47 Brand,Women's Tan Los Angeles Chargers Vibe Check Clean Up Adjustable Hat, EUR 31.90,None,None,https://www.macys.com/shop/product/47-brand-womens-tan-los-angeles-chargers-vibe-check-clean-up-adjustable-hat?ID=20714581
424, Hudson Baby,"Baby Girls Hudson Cotton Headband and Scratch Mitten 6pc Set, Unicorn, 0-6 Months", EUR 15.95,None,None,https://www.macys.com/shop/product/hudson-baby-baby-girls-hudson-cotton-headband-scratch-mitten-6pc-set-unicorn-0-6-months?ID=8443152
425, Peter Grimm,Depp Fedora, EUR 39.89,None,None,https://www.macys.com/shop/product/peter-grimm-depp-fedora?ID=7747606
426, Peter Grimm,Depp Fedora, EUR 39.89,None,None,https://www.macys.com/shop/product/peter-grimm-depp-fedora?ID=7747611
427, Peter Grimm,Depp Fedora, EUR 39.89,None,None,https://www.macys.com/shop/product/peter-grimm-depp-fedora?ID=7747608
428, New Era,Women's Tan Philadelphia Union Cuffed Knit Hat with Pom, EUR 33.90,None,None,https://www.macys.com/shop/product/new-era-womens-tan-philadelphia-union-cuffed-knit-hat-with-pom?ID=20714622
429, Peter Grimm,Depp Fedora, EUR 39.89,None,None,https://www.macys.com/shop/product/peter-grimm-depp-fedora?ID=7747594
430, New Era,NEW! Women's Red Kansas City Chiefs Double Bubble Cuffed Knit Hat with Poms, EUR 31.90,None,None,https://www.macys.com/shop/product/new-era-womens-red-kansas-city-chiefs-double-bubble-cuffed-knit-hat-with-poms?ID=20808323
431, Peter Grimm,Depp Fedora, EUR 39.89,None,None,https://www.macys.com/shop/product/peter-grimm-depp-fedora?ID=7747597
432, New Era,NEW! Women's Navy New York Yankees Tonal Floral 9twenty Adjustable Hat, EUR 31.90,None,None,https://www.macys.com/shop/product/new-era-womens-navy-new-york-yankees-tonal-floral-9twenty-adjustable-hat?ID=20819642
433, Hudson Baby,"Baby Girls Hudson Cotton Headbands 5pk, Houndstooth, 0-24 Months", EUR 15.95,None,None,https://www.macys.com/shop/product/hudson-baby-baby-girls-hudson-cotton-headbands-5pk-houndstooth-0-24-months?ID=8443099
434, Peter Grimm,Depp Fedora, EUR 39.89,None,None,https://www.macys.com/shop/product/peter-grimm-depp-fedora?ID=7747600
435, New Era,Women's Gray Alabama Crimson Tide Logo 9TWENTY Adjustable Hat, EUR 27.91,None,None,https://www.macys.com/shop/product/new-era-womens-gray-alabama-crimson-tide-logo-9twenty-adjustable-hat?ID=20715055
436, New Era,NEW! Women's Navy Virginia Cavaliers Luxury Cuffed Knit Hat with Pom, EUR 33.90,None,None,https://www.macys.com/shop/product/new-era-womens-navy-virginia-cavaliers-luxurycuffed-knit-hat-with-pom?ID=20807771
437, 2028,Silver-Tone Crystal Flower Bobby Pin Set, EUR 37.90,None,5,https://www.macys.com/shop/product/2028-silver-tone-crystal-flower-bobby-pin-set?ID=6813598
438, New Era,NEW! Women's Scarlet San Francisco 49ers Double Bubble Cuffed Knit Hat with Poms, EUR 31.90,None,None,https://www.macys.com/shop/product/new-era-womens-scarlet-san-francisco-49ers-double-bubble-cuffed-knit-hat-with-poms?ID=20808320
439, '47 Brand,Women's Brown Atlanta Braves Tawny Clean Up Adjustable Hat, EUR 34.90,None,None,https://www.macys.com/shop/product/47-brand-womens-brown-atlanta-braves-tawny-clean-up-adjustable-hat?ID=20726671
440, New Era,NEW! Men's and Women's Black Dallas Wings Rebel Series 9TWENTY Adjustable Hat, EUR 27.91,None,None,https://www.macys.com/shop/product/new-era-mens-womens-black-dallas-wings-rebel-series-9twenty-adjustable-hat?ID=19513840
441, '47 Brand,NEW! Women's Brown Philadelphia Eagles Cacao Cuffed Knit Hat with Pom, EUR 33.90,None,None,https://www.macys.com/shop/product/47-brand-womens-brown-philadelphia-eagles-cacao-cuffed-knit-hat-with-pom?ID=20808220
442, Oakley,"Unisex Snow Goggles, OO7120", EUR 87.76,None,None,https://www.macys.com/shop/product/oakley-unisex-snow-goggles-oo7120?ID=13175521
443, New Era,NEW! Women's Navy Dallas Cowboys Sport Night Flair 9TWENTY Adjustable Hat, EUR 31.90,None,None,https://www.macys.com/shop/product/new-era-womens-navy-dallas-cowboys-sport-night-flair-9twenty-adjustable-hat?ID=20818276
444, New Era,NEW! Women's Blue Chelsea Team Script 9TWENTY Adjustable Hat, EUR 25.92,None,None,https://www.macys.com/shop/product/new-era-womens-blue-chelsea-team-script-9twenty-adjustable-hat?ID=20818396
445, '47 Brand,NEW! Women's Brown Pittsburgh Steelers Cacao Cuffed Knit Hat with Pom, EUR 33.90,None,None,https://www.macys.com/shop/product/47-brand-womens-brown-pittsburgh-steelers-cacao-cuffed-knit-hat-with-pom?ID=20808218
446, New Era,NEW! Women's Cream Cincinnati Bengals 2024 Sideline Cuffed Knit Hat with Pom, EUR 33.90,None,None,https://www.macys.com/shop/product/new-era-womens-cream-cincinnati-bengals-2024-sideline-cuffed-knit-hat-with-pom?ID=20807841
447, New Era,NEW! Women's Cream Miami Dolphins 2024 Sideline Cuffed Knit Hat with Pom, EUR 33.90,None,None,https://www.macys.com/shop/product/new-era-womens-cream-miami-dolphins-2024-sideline-cuffed-knit-hat-with-pom?ID=20807842
448, '47 Brand,NEW! Women's Khaki Georgia Bulldogs Barista Cuffed Knit Hat with Pom, EUR 31.90,None,None,https://www.macys.com/shop/product/47-brand-womens-khaki-georgia-bulldogs-barista-cuffed-knit-hat-with-pom?ID=20807713
449, '47 Brand,NEW! Women's Dusty Rose Dallas Cowboys Meeko Cuffed Knit Hat with Pom, EUR 33.90,None,None,https://www.macys.com/shop/product/47-brand-womens-dusty-rose-dallas-cowboys-meeko-cuffed-knit-hat-with-pom?ID=20808216
450, Fanatics,Women's Red Chicago Blackhawks Core Primary Logo Adjustable Hat, EUR 23.92,None,None,https://www.macys.com/shop/product/womens-red-chicago-blackhawks-core-primary-logo-adjustable-hat?ID=13280323
451, Oakley,"Unisex Snow Goggles, OO7121", EUR 87.76,None,None,https://www.macys.com/shop/product/oakley-unisex-snow-goggles-oo7121?ID=13175534
452, '47 Brand,NEW! Women's Cream Houston Texans Meeko Cuffed Knit Hat with Pom, EUR 33.90,None,None,https://www.macys.com/shop/product/47-brand-womens-cream-houston-texans-meeko-cuffed-knit-hat-with-pom?ID=20808312
453, Token,Waxed Woodlawn Portfolio, EUR 144.61,None,3,https://www.macys.com/shop/product/token-waxed-woodlawn-portfolio?ID=9992104
454, Peter Grimm,Depp Fedora, EUR 39.89,None,None,https://www.macys.com/shop/product/peter-grimm-depp-fedora?ID=7747596
455, '47 Brand,NEW! Women's Cream Florida State Seminoles Elsa Cuffed Knit Hat with Pom, EUR 33.90,None,None,https://www.macys.com/shop/product/47-brand-womens-cream-florida-state-seminoles-elsa-cuffed-knit-hat-with-pom?ID=20807727
456, '47 Brand,NEW! Women's Brown Kansas City Chiefs Cacao Cuffed Knit Hat with Pom, EUR 33.90,None,None,https://www.macys.com/shop/product/47-brand-womens-brown-kansas-city-chiefs-cacao-cuffed-knit-hat-with-pom?ID=20808221
457, '47 Brand,Women's Gray Philadelphia Eagles Luminance Cheer Clean Up Adjustable Hat, EUR 34.90,None,None,https://www.macys.com/shop/product/47-brand-womens-gray-philadelphia-eagles-luminance-cheer-clean-up-adjustable-hat?ID=20714597
458, '47 Brand,NEW! Women's Brown San Francisco 49ers Cacao Cuffed Knit Hat with Pom, EUR 33.90,None,None,https://www.macys.com/shop/product/47-brand-womens-brown-san-francisco-49ers-cacao-cuffed-knit-hat-with-pom?ID=20808219
459, New Era,NEW! Women's Orange Chicago Bears Main Core Classic 2.0 9TWENTY Adjustable Hat, EUR 27.91,None,None,https://www.macys.com/shop/product/new-era-womens-orange-chicago-bears-main-core-classic-2.0-9twenty-adjustable-hat?ID=19513591
460, New Era,Women's Black San Francisco 49ers Cece 9TWENTY Adjustable Hat, EUR 27.91,None,None,https://www.macys.com/shop/product/new-era-womens-black-san-francisco-49ers-cece-9twenty-adjustable-hat?ID=20714780
461, Top of the World,NEW! Women's Gray/Royal Kentucky Wildcats Becca Cuffed Knit Hat with Pom, EUR 27.91,None,None,https://www.macys.com/shop/product/top-of-the-world-womens-gray-royal-kentucky-wildcats-becca-cuffed-knit-hat-with-pom?ID=20807674
462, '47 Brand,NEW! Women's Cream Cleveland Browns Meeko Cuffed Knit Hat with Pom, EUR 33.90,None,None,https://www.macys.com/shop/product/47-brand-womens-cream-cleveland-browns-meeko-cuffed-knit-hat-with-pom?ID=20808313
463, Nike,NEW! Women's Royal New York Mets Cooperstown Club Script Adjustable Hat, EUR 29.91,None,None,https://www.macys.com/shop/product/nike-womens-royal-new-york-mets-cooperstown-club-script-adjustable-hat?ID=20918661
464, New Era,NEW! Women's Cream Cleveland Browns 2024 Sideline Cuffed Knit Hat with Pom, EUR 33.90,None,None,https://www.macys.com/shop/product/new-era-womens-cream-cleveland-browns-2024-sideline-cuffed-knit-hat-with-pom?ID=20807840
465, New Era,Women's Purple Minnesota Vikings Core Classic Primary 9TWENTY Adjustable Hat, EUR 29.91,None,None,https://www.macys.com/shop/product/womens-purple-minnesota-vikings-core-classic-primary-9twenty-adjustable-hat?ID=13088044
466, Top of the World,NEW! Women's Gray/Navy Michigan Wolverines Becca Cuffed Knit Hat with Pom, EUR 27.91,None,None,https://www.macys.com/shop/product/top-of-the-world-womens-gray-navy-michigan-wolverines-becca-cuffed-knit-hat-with-pom?ID=20807676
467, Fanatics,NEW! Women's Black Los Angeles Kings Core Adjustable Hat, EUR 23.92,None,None,https://www.macys.com/shop/product/fanatics-womens-black-los-angeles-kings-core-adjustable-hat?ID=20927884
468, New Era,NEW! Women's Stone/Navy Dallas Cowboys 2024 NFL Sideline Historic 9TWENTY Adjustable Hat, EUR 33.90,None,None,https://www.macys.com/shop/product/new-era-womens-stone-navy-dallas-cowboys-2024-nfl-sideline-historic-9twenty-adjustable-hat?ID=19511630
469, Top of the World,NEW! Women's Gray/Black Iowa Hawkeyes Becca Cuffed Knit Hat with Pom, EUR 27.91,None,None,https://www.macys.com/shop/product/top-of-the-world-womens-gray-black-iowa-hawkeyes-becca-cuffed-knit-hat-with-pom?ID=20807673
470, New Era,NEW! Women's Purple Minnesota Vikings Double Bubble Cuffed Knit Hat with Poms, EUR 31.90,None,None,https://www.macys.com/shop/product/new-era-womens-purple-minnesota-vikings-double-bubble-cuffed-knit-hat-with-poms?ID=20808324
471, Top of the World,NEW! Women's Gray/Green Michigan State Spartans Becca Cuffed Knit Hat with Pom, EUR 27.91,None,None,https://www.macys.com/shop/product/top-of-the-world-womens-gray-green-michigan-state-spartans-becca-cuffed-knit-hat-with-pom?ID=20807675
472, Fanatics,Women's Red Detroit Red Wings Core Primary Logo Adjustable Hat, EUR 23.92,None,None,https://www.macys.com/shop/product/womens-red-detroit-red-wings-core-primary-logo-adjustable-hat?ID=13280327
473, New Era,Women's Graphite Dallas Cowboys 2024 Salute To Service 9TWENTY Adjustable Hat, EUR 33.90,None,None,https://www.macys.com/shop/product/new-era-womens-graphite-dallas-cowboys-2024-salute-to-service-9twenty-adjustable-hat?ID=20429454
474, Fanatics,NEW! Women's Navy/Red New York Rangers Authentic Pro Rink Cuffed Knit Hat with Pom, EUR 31.90,None,None,https://www.macys.com/shop/product/fanatics-womens-navy-red-new-york-rangers-authentic-pro-rink-cuffed-knit-hat-with-pom?ID=20807664
475, Fanatics,Women's Black Boston Bruins Core Primary Logo Adjustable Hat, EUR 23.92,None,None,https://www.macys.com/shop/product/womens-black-boston-bruins-core-primary-logo-adjustable-hat?ID=13280328
476, New Era,NEW! Women's Red Philadelphia Phillies Tonal Floral 9twenty Adjustable Hat, EUR 31.90,None,None,https://www.macys.com/shop/product/new-era-womens-red-philadelphia-phillies-tonal-floral-9twenty-adjustable-hat?ID=20819643
477, Fanatics,Women's Kelly Green Dallas Stars Primary Logo Adjustable Hat, EUR 23.92,None,None,https://www.macys.com/shop/product/womens-kelly-green-dallas-stars-primary-logo-adjustable-hat?ID=13279628
478, '47 Brand,NEW! Women's Black Cincinnati Bengals Elsa Cuffed Knit Hat with Pom, EUR 31.90,None,None,https://www.macys.com/shop/product/47-brand-womens-black-cincinnati-bengals-elsa-cuffed-knit-hat-with-pom?ID=20808198
479, New Era,NEW! Women's Black New York Jets Main Core Classic 2.0 9TWENTY Adjustable Hat, EUR 27.91,None,None,https://www.macys.com/shop/product/new-era-womens-black-new-york-jets-main-core-classic-2.0-9twenty-adjustable-hat?ID=19513592
480, New Era,Women's Cardinal Arizona Cardinals Color Pack 9TWENTY Adjustable Hat, EUR 27.91,None,None,https://www.macys.com/shop/product/new-era-womens-cardinal-arizona-cardinals-color-pack-9twenty-adjustable-hat?ID=19513600
481, Hudson Baby,Infant Girl Headband and Socks Giftset 6pc, EUR 21.93,None,None,https://www.macys.com/shop/product/hudson-baby-infant-girl-headband-socks-giftset-6pc?ID=10398163
482, Fanatics,Women's Navy St. Louis Blues Primary Logo Adjustable Hat, EUR 23.92,None,None,https://www.macys.com/shop/product/womens-navy-st.-louis-blues-primary-logo-adjustable-hat?ID=13279623
483, Hudson Baby,Infant Girl Headband and Socks Giftset 6pc, EUR 19.94,None,None,https://www.macys.com/shop/product/hudson-baby-infant-girl-headband-socks-giftset-6pc?ID=10398142
484, Hudson Baby,Infant Girl Headband and Socks Giftset 6pc, EUR 22.93,None,5,https://www.macys.com/shop/product/hudson-baby-infant-girl-headband-socks-giftset-6pc?ID=10398124
